id,lux,duty,ref,time_ms
0,44.70,0.0000,0.00,14965532
0,44.70,0.0000,0.00,14975406
0,27.41,0.0000,0.00,14985396
0,27.41,0.0000,0.00,14995390
0,27.41,0.0000,0.00,15005390
0,16.18,0.0000,0.00,15015389
0,16.18,0.0000,0.00,15025392
0,16.18,0.0000,0.00,15035387
0,16.18,0.0000,0.00,15045395
0,9.06,0.0000,0.00,15055395
0,9.06,0.0000,0.00,15065394
0,9.06,0.0000,0.00,15075387
0,9.06,0.0000,0.00,15085388
0,9.06,0.0000,0.00,15095383
0,9.06,0.0000,0.00,15105387
0,4.25,0.0000,0.00,15115385
0,4.25,0.0000,0.00,15125387
0,4.25,0.0000,0.00,15135390
0,4.25,0.0000,0.00,15145387
0,4.25,0.0000,0.00,15155388
0,4.25,0.0000,0.00,15165393
0,3.78,0.0000,0.00,15175391
0,3.37,0.0000,0.00,15185388
0,3.03,0.0000,0.00,15195387
0,2.76,0.0000,0.00,15205394
0,2.46,0.0000,0.00,15215388
0,2.22,0.0000,0.00,15225392
0,2.00,0.0000,0.00,15235393
0,1.80,0.0000,0.00,15245390
0,1.64,0.0000,0.00,15255393
0,1.48,0.0000,0.00,15265389
0,1.34,0.0000,0.00,15275392
0,1.22,0.0000,0.00,15285389
0,1.13,0.0000,0.00,15295397
0,1.00,0.0000,0.00,15305394
0,0.90,0.0000,0.00,15315395
0,0.84,0.0000,0.00,15325397
0,0.76,0.0000,0.00,15335394
0,0.69,0.0000,0.00,15345382
0,0.65,0.0000,0.00,15355399
0,0.59,0.0000,0.00,15365409
0,0.54,0.0000,0.00,15375395
0,0.49,0.0000,0.00,15385398
0,0.45,0.0000,0.00,15395391
0,0.42,0.0000,0.00,15405399
0,0.39,0.0000,0.00,15415400
0,0.34,0.0000,0.00,15425401
0,0.32,0.0000,0.00,15435393
0,0.32,0.0000,0.00,15445401
0,0.29,0.0000,0.00,15455397
0,0.27,0.0000,0.00,15465392
0,0.24,0.0000,0.00,15475406
0,0.23,0.0000,0.00,15485411
0,0.21,0.0000,0.00,15495408
0,0.19,0.0000,0.00,15505407
0,0.19,0.0000,0.00,15515393
0,0.18,0.0000,0.00,15525408
0,0.17,0.0000,0.00,15535409
0,0.14,0.0000,0.00,15545405
0,0.14,0.0000,0.00,15555390
0,0.14,0.0000,0.00,15565395
0,0.13,0.0000,0.00,15575396
0,0.12,0.0000,0.00,15585398
0,0.12,0.0000,0.00,15595394
0,0.12,0.0000,0.00,15605400
0,0.10,0.0000,0.00,15615385
0,0.10,0.0000,0.00,15625400
0,0.09,0.0000,0.00,15635401
0,0.09,0.0000,0.00,15645400
0,0.09,0.0000,0.00,15655398
0,0.09,0.0000,0.00,15665414
0,0.08,0.0000,0.00,15675398
0,0.08,0.0000,0.00,15685413
0,0.08,0.0000,0.00,15695400
0,0.07,0.0000,0.00,15705402
0,0.07,0.0000,0.00,15715400
0,0.07,0.0000,0.00,15725394
0,0.07,0.0000,0.00,15735410
0,0.07,0.0000,0.00,15745401
0,0.06,0.0000,0.00,15755394
0,0.06,0.0000,0.00,15765396
0,0.06,0.0000,0.00,15775401
0,0.06,0.0000,0.00,15785402
0,0.06,0.0000,0.00,15795400
0,0.06,0.0000,0.00,15805400
0,0.06,0.0000,0.00,15815388
0,0.06,0.0000,0.00,15825394
0,0.06,0.0000,0.00,15835387
0,0.06,0.0000,0.00,15845380
0,0.06,0.0000,0.00,15855383
0,0.05,0.0000,0.00,15865392
0,0.05,0.0000,0.00,15875394
0,0.05,0.0000,0.00,15885380
0,0.05,0.0000,0.00,15895387
0,0.05,0.0000,0.00,15905386
0,0.05,0.0000,0.00,15915388
0,0.05,0.0000,0.00,15925387
0,0.04,0.0000,0.00,15935393
0,0.04,0.0000,0.00,15945379
0,0.04,0.0000,0.00,15955396
0,0.05,0.0000,0.00,15965389
0,0.05,0.0000,0.00,15975389
0,0.04,0.0000,0.00,15985394
0,0.04,0.0000,0.00,15995389
0,0.04,0.0000,0.00,16005390
0,0.04,0.0000,0.00,16015391
0,0.04,0.0000,0.00,16025385
0,0.04,0.0000,0.00,16035386
0,0.04,0.0000,0.00,16045391
0,0.04,0.0000,0.00,16055389
0,0.04,0.0000,0.00,16065387
0,0.04,0.0000,0.00,16075391
0,0.04,0.0000,0.00,16085377
0,0.04,0.0000,0.00,16095387
0,0.04,0.0000,0.00,16105391
0,0.04,0.0000,0.00,16115387
0,0.04,0.0000,0.00,16125389
0,0.04,0.0000,0.00,16135395
0,0.04,0.0000,0.00,16145383
0,0.04,0.0000,0.00,16155389
0,0.04,0.0000,0.00,16165391
0,0.03,0.0000,0.00,16175399
0,0.04,0.0000,0.00,16185382
0,0.03,0.0000,0.00,16195388
0,0.03,0.0000,0.00,16205389
0,0.03,0.0000,0.00,16215383
0,0.03,0.0000,0.00,16225389
0,0.03,0.0000,0.00,16235394
0,0.03,0.0000,0.00,16245387
0,0.03,0.0000,0.00,16255395
0,0.03,0.0000,0.00,16265397
0,0.03,0.0000,0.00,16275383
0,0.03,0.0000,0.00,16285395
0,0.03,0.0000,0.00,16295390
0,0.03,0.0000,0.00,16305390
0,0.03,0.0000,0.00,16315403
0,0.03,0.0000,0.00,16325394
0,0.03,0.0000,0.00,16335388
0,0.03,0.0000,0.00,16345386
0,0.03,0.0000,0.00,16355388
0,0.03,0.0000,0.00,16365389
0,0.03,0.0000,0.00,16375385
0,0.03,0.0000,0.00,16385395
0,0.03,0.0000,0.00,16395394
0,0.03,0.0000,0.00,16405386
0,0.03,0.0000,0.00,16415396
0,0.03,0.0000,0.00,16425384
0,0.03,0.0000,0.00,16435395
0,0.03,0.0000,0.00,16445387
0,0.03,0.0000,0.00,16455386
0,0.03,0.0000,0.00,16465388
0,0.03,0.0000,0.00,16475392
0,0.03,0.0000,0.00,16485394
0,0.03,0.0000,0.00,16495388
0,0.03,0.0000,0.00,16505393
0,0.03,0.0000,0.00,16515385
0,0.03,0.0000,0.00,16525392
0,0.03,0.0000,0.00,16535393
0,0.03,0.0000,0.00,16545391
0,0.03,0.0000,0.00,16555394
0,0.03,0.0000,0.00,16565388
0,0.03,0.0000,0.00,16575392
0,0.03,0.0000,0.00,16585390
0,0.03,0.0000,0.00,16595394
0,0.03,0.0000,0.00,16605388
0,0.03,0.0000,0.00,16615388
0,0.03,0.0000,0.00,16625393
0,0.03,0.0000,0.00,16635388
0,0.03,0.0000,0.00,16645394
0,0.03,0.0000,0.00,16655390
0,0.03,0.0000,0.00,16665391
0,0.02,0.0000,0.00,16675383
0,0.02,0.0000,0.00,16685384
0,0.02,0.0000,0.00,16695388
0,0.02,0.0000,0.00,16705381
0,0.02,0.0000,0.00,16715391
0,0.02,0.0000,0.00,16725393
0,0.02,0.0000,0.00,16735384
0,0.02,0.0000,0.00,16745392
0,0.02,0.0000,0.00,16755392
0,0.02,0.0000,0.00,16765395
0,0.02,0.0000,0.00,16775394
0,0.03,0.0000,0.00,16785394
0,0.03,0.0000,0.00,16795386
0,0.03,0.0000,0.00,16805388
0,0.03,0.0000,0.00,16815391
0,0.03,0.0000,0.00,16825396
0,0.03,0.0000,0.00,16835390
0,0.03,0.0000,0.00,16845393
0,0.03,0.0000,0.00,16855389
0,0.03,0.0000,0.00,16865385
0,0.03,0.0000,0.00,16875395
0,0.03,0.0000,0.00,16885393
0,0.03,0.0000,0.00,16895395
0,0.03,0.0000,0.00,16905390
0,0.03,0.0000,0.00,16915388
0,0.03,0.0000,0.00,16925394
0,0.03,0.0000,0.00,16935391
0,0.03,0.0000,0.00,16945391
0,0.03,0.0000,0.00,16955390
0,0.03,0.0000,0.00,16965394
0,0.03,0.0000,0.00,16975392
0,0.03,0.0000,0.00,16985387
0,0.03,0.0000,0.00,16995392
0,0.03,0.0000,0.00,17005395
0,0.03,0.0000,0.00,17015399
0,0.03,0.0000,0.00,17025393
0,0.03,0.0000,0.00,17035394
0,0.03,0.0000,0.00,17045396
0,0.03,0.0000,0.00,17055405
0,0.03,0.0000,0.00,17065391
0,0.03,0.0000,0.00,17075398
0,0.03,0.0000,0.00,17085401
0,0.03,0.0000,0.00,17095398
0,0.03,0.0000,0.00,17105398
0,0.02,0.0000,0.00,17115399
0,0.02,0.0000,0.00,17125398
0,0.02,0.0000,0.00,17135398
0,0.02,0.0000,0.00,17145395
0,0.02,0.0000,0.00,17155396
0,0.03,0.0000,0.00,17165397
0,0.03,0.0000,0.00,17175399
0,0.03,0.0000,0.00,17185399
0,0.02,0.0000,0.00,17195409
0,0.02,0.0000,0.00,17205401
0,0.02,0.0000,0.00,17215413
0,0.02,0.0000,0.00,17225404
0,0.02,0.0000,0.00,17235396
0,0.02,0.0000,0.00,17245404
0,0.02,0.0000,0.00,17255403
0,0.02,0.0000,0.00,17265399
0,0.02,0.0000,0.00,17275407
0,0.02,0.0000,0.00,17285404
0,0.02,0.0000,0.00,17295402
0,0.02,0.0000,0.00,17305394
0,0.02,0.0000,0.00,17315407
0,0.02,0.0000,0.00,17325400
0,0.02,0.0000,0.00,17335399
0,0.02,0.0000,0.00,17345398
0,0.02,0.0000,0.00,17355406
0,0.02,0.0000,0.00,17365405
0,0.02,0.0000,0.00,17375410
0,0.02,0.0000,0.00,17385413
0,0.02,0.0000,0.00,17395423
0,0.02,0.0000,0.00,17405397
0,0.02,0.0000,0.00,17415409
0,0.02,0.0000,0.00,17425396
0,0.02,0.0000,0.00,17435406
0,0.02,0.0000,0.00,17445407
0,0.02,0.0000,0.00,17455401
0,0.02,0.0000,0.00,17465406
0,0.02,0.0000,0.00,17475405
0,0.02,0.0000,0.00,17485395
0,0.02,0.0000,0.00,17495424
0,0.02,0.0000,0.00,17505401
0,0.02,0.0000,0.00,17515406
0,0.02,0.0000,0.00,17525398
0,0.02,0.0000,0.00,17535401
0,0.02,0.0000,0.00,17545410
0,0.03,0.0000,0.00,17555407
0,0.02,0.0000,0.00,17565398
0,0.03,0.0000,0.00,17575400
0,0.02,0.0000,0.00,17585398
0,0.02,0.0000,0.00,17595394
0,0.02,0.0000,0.00,17605397
0,0.02,0.0000,0.00,17615386
0,0.02,0.0000,0.00,17625395
0,0.02,0.0000,0.00,17635388
0,0.02,0.0000,0.00,17645392
0,0.03,0.0000,0.00,17655400
0,0.03,0.0000,0.00,17665396
0,0.03,0.0000,0.00,17675387
0,0.03,0.0000,0.00,17685386
0,0.03,0.0000,0.00,17695388
0,0.03,0.0000,0.00,17705400
0,0.03,0.0000,0.00,17715400
0,0.03,0.0000,0.00,17725391
0,0.03,0.0000,0.00,17735393
0,0.03,0.0000,0.00,17745390
0,0.03,0.0000,0.00,17755387
0,0.03,0.0000,0.00,17765384
0,0.03,0.0000,0.00,17775397
0,0.03,0.0000,0.00,17785388
0,0.03,0.0000,0.00,17795390
0,0.03,0.0000,0.00,17805385
0,0.03,0.0000,0.00,17815390
0,0.03,0.0000,0.00,17825400
0,0.03,0.0000,0.00,17835392
0,0.03,0.0000,0.00,17845395
0,0.03,0.0000,0.00,17855382
0,0.03,0.0000,0.00,17865391
0,0.03,0.0000,0.00,17875400
0,0.03,0.0000,0.00,17885390
0,0.03,0.0000,0.00,17895391
0,0.03,0.0000,0.00,17905399
0,0.02,0.0000,0.00,17915399
0,0.03,0.0000,0.00,17925404
0,0.02,0.0000,0.00,17935390
0,0.02,0.0000,0.00,17945373
0,0.02,0.0000,0.00,17955396
0,0.02,0.0000,0.00,17965392
0,0.02,0.0000,0.00,17975387
0,0.03,0.0000,0.00,17985387
0,0.02,0.0000,0.00,17995390
0,0.02,0.0000,0.00,18005398
0,0.02,0.0000,0.00,18015399
0,0.02,0.0000,0.00,18025390
0,0.02,0.0000,0.00,18035397
0,0.02,0.0000,0.00,18045402
0,0.02,0.0000,0.00,18055401
0,0.02,0.0000,0.00,18065398
0,0.02,0.0000,0.00,18075393
0,0.02,0.0000,0.00,18085394
0,0.02,0.0000,0.00,18095397
0,0.02,0.0000,0.00,18105395
0,0.02,0.0000,0.00,18115392
0,0.02,0.0000,0.00,18125404
0,0.02,0.0000,0.00,18135383
0,0.02,0.0000,0.00,18145389
0,0.02,0.0000,0.00,18155393
0,0.02,0.0000,0.00,18165394
0,0.02,0.0000,0.00,18175384
0,0.02,0.0000,0.00,18185400
0,0.02,0.0000,0.00,18195396
0,0.02,0.0000,0.00,18205395
0,0.02,0.0000,0.00,18215404
0,0.02,0.0000,0.00,18225395
0,0.02,0.0000,0.00,18235383
0,0.02,0.0000,0.00,18245387
0,0.02,0.0000,0.00,18255395
0,0.02,1.0000,30.00,18265473
0,0.02,1.0000,30.00,18275396
0,2.47,1.0000,30.00,18285399
0,2.47,1.0000,30.00,18295389
0,8.26,1.0000,30.00,18305388
0,8.26,1.0000,30.00,18315397
0,15.04,0.9145,30.00,18325401
0,15.04,0.9294,30.00,18335397
0,15.04,0.9444,30.00,18345392
0,15.04,0.9594,30.00,18355402
0,26.60,0.6274,30.00,18365402
0,26.60,0.6308,30.00,18375402
0,26.60,0.6342,30.00,18385408
0,26.60,0.6376,30.00,18395401
0,26.60,0.6410,30.00,18405396
0,26.60,0.6444,30.00,18415405
0,27.89,0.6093,30.00,18425409
0,28.27,0.5998,30.00,18435401
0,28.40,0.5976,30.00,18445395
0,28.67,0.5913,30.00,18455400
0,28.67,0.5926,30.00,18465405
0,28.67,0.5940,30.00,18475403
0,28.67,0.5953,30.00,18485393
0,28.67,0.5966,30.00,18495403
0,28.67,0.5980,30.00,18505404
0,28.40,0.6072,30.00,18515399
0,28.27,0.6127,30.00,18525397
0,28.27,0.6144,30.00,18535399
0,28.21,0.6181,30.00,18545404
0,28.21,0.6199,30.00,18555400
0,28.21,0.6217,30.00,18565395
0,28.21,0.6235,30.00,18575405
0,28.21,0.6252,30.00,18585397
0,28.21,0.6270,30.00,18595401
0,28.34,0.6249,30.00,18605405
0,28.37,0.6256,30.00,18615401
0,28.44,0.6253,30.00,18625391
0,28.50,0.6249,30.00,18635403
0,28.54,0.6254,30.00,18645388
0,28.77,0.6199,30.00,18655406
0,28.87,0.6182,30.00,18665403
0,28.93,0.6173,30.00,18675403
0,28.93,0.6184,30.00,18685406
0,28.97,0.6185,30.00,18695406
0,28.97,0.6195,30.00,18705408
0,28.97,0.6205,30.00,18715393
0,28.97,0.6216,30.00,18725400
0,28.97,0.6226,30.00,18735403
0,29.00,0.6226,30.00,18745399
0,29.00,0.6236,30.00,18755401
0,29.00,0.6246,30.00,18765405
0,29.00,0.6256,30.00,18775406
0,29.00,0.6266,30.00,18785399
0,29.00,0.6276,30.00,18795397
0,29.00,0.6286,30.00,18805407
0,29.03,0.6286,30.00,18815396
0,29.07,0.6286,30.00,18825404
0,29.07,0.6295,30.00,18835405
0,29.10,0.6295,30.00,18845406
0,29.17,0.6283,30.00,18855399
0,29.17,0.6292,30.00,18865406
0,29.20,0.6290,30.00,18875406
0,29.27,0.6278,30.00,18885412
0,29.30,0.6275,30.00,18895399
0,29.33,0.6272,30.00,18905413
0,29.33,0.6279,30.00,18915408
0,29.33,0.6285,30.00,18925409
0,29.37,0.6282,30.00,18935401
0,29.40,0.6278,30.00,18945402
0,29.44,0.6274,30.00,18955396
0,29.44,0.6279,30.00,18965400
0,29.44,0.6285,30.00,18975396
0,29.44,0.6291,30.00,18985395
0,29.44,0.6296,30.00,18995405
0,29.44,0.6302,30.00,19005399
0,29.44,0.6308,30.00,19015408
0,29.44,0.6313,30.00,19025418
0,29.44,0.6319,30.00,19035402
0,29.44,0.6325,30.00,19045416
0,29.44,0.6330,30.00,19055414
0,29.44,0.6336,30.00,19065399
0,29.44,0.6341,30.00,19075408
0,29.44,0.6347,30.00,19085405
0,29.50,0.6332,30.00,19095410
0,29.54,0.6327,30.00,19105402
0,29.54,0.6332,30.00,19115413
0,29.57,0.6326,30.00,19125405
0,29.57,0.6330,30.00,19135415
0,29.57,0.6335,30.00,19145408
0,29.57,0.6339,30.00,19155400
0,29.64,0.6323,30.00,19165417
0,29.64,0.6326,30.00,19175411
0,29.64,0.6330,30.00,19185413
0,29.64,0.6334,30.00,19195425
0,29.64,0.6337,30.00,19205416
0,29.64,0.6341,30.00,19215418
0,29.64,0.6344,30.00,19225415
0,29.64,0.6348,30.00,19235410
0,29.64,0.6352,30.00,19245412
0,29.64,0.6355,30.00,19255411
0,29.64,0.6359,30.00,19265408
0,29.64,0.6362,30.00,19275402
0,29.71,0.6346,30.00,19285430
0,29.71,0.6348,30.00,19295427
0,29.78,0.6331,30.00,19305408
0,29.78,0.6333,30.00,19315427
0,29.78,0.6335,30.00,19325412
0,29.78,0.6338,30.00,19335413
0,29.74,0.6350,30.00,19345403
0,29.74,0.6353,30.00,19355391
0,29.78,0.6345,30.00,19365392
0,29.74,0.6357,30.00,19375400
0,29.74,0.6360,30.00,19385407
0,29.74,0.6363,30.00,19395403
0,29.74,0.6365,30.00,19405398
0,29.74,0.6368,30.00,19415401
0,29.74,0.6370,30.00,19425404
0,29.74,0.6373,30.00,19435404
0,29.74,0.6375,30.00,19445397
0,29.74,0.6378,30.00,19455406
0,29.74,0.6381,30.00,19465381
0,29.74,0.6383,30.00,19475395
0,29.78,0.6375,30.00,19485403
0,29.74,0.6388,30.00,19495396
0,29.78,0.6380,30.00,19505407
0,29.78,0.6383,30.00,19515399
0,29.78,0.6385,30.00,19525393
0,29.85,0.6366,30.00,19535404
0,29.85,0.6368,30.00,19545403
0,29.85,0.6369,30.00,19555399
0,29.85,0.6371,30.00,19565402
0,29.85,0.6373,30.00,19575392
0,29.85,0.6374,30.00,19585404
0,29.85,0.6376,30.00,19595396
0,29.88,0.6367,30.00,19605404
0,29.85,0.6378,30.00,19615397
0,29.85,0.6380,30.00,19625404
0,29.85,0.6381,30.00,19635376
0,29.85,0.6383,30.00,19645398
0,29.85,0.6385,30.00,19655399
0,29.85,0.6386,30.00,19665408
0,29.85,0.6388,30.00,19675401
0,29.88,0.6379,30.00,19685402
0,29.88,0.6380,30.00,19695394
0,29.88,0.6381,30.00,19705372
0,29.88,0.6382,30.00,19715393
0,29.88,0.6384,30.00,19725400
0,29.88,0.6385,30.00,19735404
0,29.88,0.6386,30.00,19745400
0,29.88,0.6387,30.00,19755397
0,29.91,0.6378,30.00,19765394
0,29.91,0.6379,30.00,19775411
0,29.88,0.6390,30.00,19785398
0,29.88,0.6391,30.00,19795398
0,29.88,0.6393,30.00,19805403
0,29.88,0.6394,30.00,19815401
0,29.91,0.6385,30.00,19825403
0,29.91,0.6386,30.00,19835398
0,29.91,0.6386,30.00,19845401
0,29.91,0.6387,30.00,19855392
0,29.91,0.6388,30.00,19865400
0,29.91,0.6389,30.00,19875395
0,29.91,0.6390,30.00,19885374
0,29.91,0.6391,30.00,19895394
0,29.88,0.6402,30.00,19905393
0,29.91,0.6393,30.00,19915400
0,29.91,0.6394,30.00,19925404
0,29.91,0.6394,30.00,19935394
0,29.91,0.6395,30.00,19945398
0,29.91,0.6396,30.00,19955396
0,29.91,0.6397,30.00,19965398
0,29.95,0.6388,30.00,19975394
0,29.91,0.6398,30.00,19985408
0,29.91,0.6399,30.00,19995393
0,29.91,0.6400,30.00,20005404
0,29.91,0.6401,30.00,20015402
0,29.91,0.6402,30.00,20025388
0,29.91,0.6403,30.00,20035395
0,29.91,0.6404,30.00,20045399
0,29.91,0.6404,30.00,20055396
0,29.95,0.6395,30.00,20065412
0,29.95,0.6395,30.00,20075407
0,29.98,0.6386,30.00,20085404
0,29.98,0.6386,30.00,20095409
0,29.98,0.6386,30.00,20105384
0,29.98,0.6386,30.00,20115401
0,29.98,0.6386,30.00,20125393
0,29.98,0.6386,30.00,20135399
0,29.98,0.6387,30.00,20145401
0,29.95,0.6397,30.00,20155403
0,29.95,0.6398,30.00,20165396
0,29.91,0.6408,30.00,20175403
0,29.91,0.6409,30.00,20185399
0,29.91,0.6410,30.00,20195411
0,29.91,0.6411,30.00,20205395
0,29.91,0.6412,30.00,20215397
0,29.91,0.6413,30.00,20225394
0,29.91,0.6414,30.00,20235398
0,29.91,0.6414,30.00,20245397
0,30.02,0.6384,30.00,20255401
0,30.02,0.6384,30.00,20265376
0,30.02,0.6384,30.00,20275405
0,30.02,0.6384,30.00,20285399
0,30.02,0.6383,30.00,20295397
0,29.98,0.6394,30.00,20305380
0,29.98,0.6394,30.00,20315399
0,30.02,0.6384,30.00,20325397
0,30.02,0.6383,30.00,20335400
0,29.98,0.6394,30.00,20345384
0,29.98,0.6394,30.00,20355406
0,29.95,0.6404,30.00,20365406
0,29.95,0.6405,30.00,20375398
0,29.91,0.6416,30.00,20385400
0,29.91,0.6417,30.00,20395403
0,29.95,0.6407,30.00,20405394
0,29.95,0.6408,30.00,20415380
0,29.95,0.6408,30.00,20425380
0,29.95,0.6409,30.00,20435382
0,29.98,0.6399,30.00,20445402
0,29.95,0.6409,30.00,20455400
0,29.98,0.6399,30.00,20465380
0,29.98,0.6400,30.00,20475394
0,29.98,0.6400,30.00,20485395
0,29.98,0.6400,30.00,20495394
0,29.98,0.6400,30.00,20505382
0,30.02,0.6390,30.00,20515408
0,30.02,0.6390,30.00,20525415
0,30.02,0.6390,30.00,20535399
0,30.02,0.6389,30.00,20545405
0,30.02,0.6389,30.00,20555405
0,30.02,0.6389,30.00,20565404
0,30.02,0.6389,30.00,20575398
0,30.02,0.6389,30.00,20585401
0,30.02,0.6388,30.00,20595406
0,30.02,0.6388,30.00,20605400
0,29.98,0.6398,30.00,20615398
0,29.98,0.6399,30.00,20625398
0,29.98,0.6399,30.00,20635405
0,29.98,0.6399,30.00,20645410
0,29.98,0.6399,30.00,20655407
0,29.91,0.6420,30.00,20665402
0,29.91,0.6421,30.00,20675401
0,29.91,0.6422,30.00,20685405
0,29.98,0.6402,30.00,20695409
0,29.98,0.6402,30.00,20705417
0,29.98,0.6402,30.00,20715411
0,29.98,0.6402,30.00,20725411
0,29.98,0.6403,30.00,20735402
0,29.98,0.6403,30.00,20745410
0,29.91,0.6424,30.00,20755409
0,29.91,0.6424,30.00,20765411
0,29.98,0.6405,30.00,20775402
0,29.98,0.6405,30.00,20785409
0,29.98,0.6405,30.00,20795401
0,29.98,0.6405,30.00,20805404
0,29.98,0.6405,30.00,20815417
0,29.98,0.6405,30.00,20825405
0,29.98,0.6406,30.00,20835403
0,29.98,0.6406,30.00,20845414
0,29.98,0.6406,30.00,20855407
0,30.02,0.6396,30.00,20865402
0,30.02,0.6396,30.00,20875409
0,30.02,0.6395,30.00,20885415
0,30.02,0.6395,30.00,20895410
0,30.02,0.6395,30.00,20905416
0,30.02,0.6395,30.00,20915412
0,30.02,0.6395,30.00,20925421
0,29.98,0.6405,30.00,20935415
0,29.98,0.6405,30.00,20945416
0,29.98,0.6405,30.00,20955411
0,29.98,0.6405,30.00,20965421
0,29.98,0.6405,30.00,20975415
0,29.98,0.6406,30.00,20985414
0,29.98,0.6406,30.00,20995415
0,29.98,0.6406,30.00,21005404
0,29.98,0.6406,30.00,21015403
0,30.02,0.6396,30.00,21025408
0,30.02,0.6396,30.00,21035409
0,30.02,0.6396,30.00,21045418
0,30.02,0.6395,30.00,21055410
0,30.02,0.6395,30.00,21065418
0,30.02,0.6395,30.00,21075419
0,30.02,0.6395,30.00,21085405
0,30.02,0.6395,30.00,21095429
0,30.02,0.6395,30.00,21105402
0,30.02,0.6394,30.00,21115412
0,29.98,0.6405,30.00,21125418
0,29.98,0.6405,30.00,21135378
0,29.98,0.6405,30.00,21145395
0,29.98,0.6405,30.00,21155381
0,29.98,0.6405,30.00,21165372
0,29.98,0.6405,30.00,21175404
0,29.98,0.6406,30.00,21185383
0,29.98,0.6406,30.00,21195403
0,29.98,0.6406,30.00,21205399
0,29.98,0.6406,30.00,21215404
0,29.98,0.6406,30.00,21225391
0,30.02,0.6396,30.00,21235406
0,30.02,0.6396,30.00,21245402
0,30.02,0.6396,30.00,21255401
0,30.02,0.6395,30.00,21265403
0,30.02,0.6395,30.00,21275379
0,30.02,0.6395,30.00,21285381
0,29.98,0.6405,30.00,21295383
0,29.98,0.6405,30.00,21305385
0,29.98,0.6406,30.00,21315385
0,30.02,0.6395,30.00,21325373
0,29.98,0.6406,30.00,21335403
0,29.98,0.6406,30.00,21345401
0,29.98,0.6406,30.00,21355385
0,29.98,0.6406,30.00,21365384
0,29.98,0.6406,30.00,21375380
0,30.02,0.6396,30.00,21385388
0,30.02,0.6396,30.00,21395407
0,30.02,0.6396,30.00,21405403
0,30.02,0.6396,30.00,21415385
0,30.02,0.6395,30.00,21425406
0,30.02,0.6395,30.00,21435391
0,30.02,0.6395,30.00,21445383
0,30.02,0.6395,30.00,21455376
0,30.02,0.6395,30.00,21465395
0,30.02,0.6394,30.00,21475402
0,30.02,0.6394,30.00,21485409
0,30.02,0.6394,30.00,21495401
0,30.02,0.6394,30.00,21505410
0,30.02,0.6394,30.00,21515391
0,29.98,0.6404,30.00,21525387
0,29.98,0.6404,30.00,21535385
0,30.02,0.6394,30.00,21545407
0,29.98,0.6404,30.00,21555405
0,29.98,0.6404,30.00,21565381
0,29.98,0.6404,30.00,21575401
0,29.98,0.6405,30.00,21585386
0,29.98,0.6405,30.00,21595402
0,29.98,0.6405,30.00,21605406
0,29.98,0.6405,30.00,21615380
0,29.98,0.6405,30.00,21625383
0,29.98,0.6405,30.00,21635384
0,29.98,0.6406,30.00,21645409
0,29.98,0.6406,30.00,21655386
0,29.98,0.6406,30.00,21665385
0,29.98,0.6406,30.00,21675402
0,29.98,0.6406,30.00,21685402
0,29.98,0.6406,30.00,21695402
0,30.02,0.6396,30.00,21705389
0,29.98,0.6406,30.00,21715404
0,30.02,0.6396,30.00,21725405
0,29.98,0.6406,30.00,21735404
0,29.98,0.6407,30.00,21745383
0,29.98,0.6407,30.00,21755376
0,29.98,0.6407,30.00,21765405
0,29.98,0.6407,30.00,21775401
0,29.98,0.6407,30.00,21785382
0,29.98,0.6407,30.00,21795403
0,30.02,0.6397,30.00,21805407
0,29.98,0.6407,30.00,21815406
0,30.02,0.6397,30.00,21825408
0,29.98,0.6407,30.00,21835388
0,29.98,0.6408,30.00,21845383
0,29.98,0.6408,30.00,21855393
0,29.98,0.6408,30.00,21865393
0,29.98,0.6408,30.00,21875382
0,29.98,0.6408,30.00,21885377
0,29.98,0.6408,30.00,21895377
0,29.98,0.6409,30.00,21905386
0,29.98,0.6409,30.00,21915404
0,29.98,0.6409,30.00,21925383
0,29.98,0.6409,30.00,21935392
0,29.98,0.6409,30.00,21945382
0,29.98,0.6409,30.00,21955383
0,29.98,0.6409,30.00,21965408
0,29.98,0.6410,30.00,21975388
0,29.98,0.6410,30.00,21985386
0,29.98,0.6410,30.00,21995393
0,30.02,0.6400,30.00,22005409
0,30.02,0.6400,30.00,22015393
0,30.02,0.6399,30.00,22025392
0,30.02,0.6399,30.00,22035407
0,30.02,0.6399,30.00,22045404
0,30.02,0.6399,30.00,22055375
0,30.02,0.6399,30.00,22065403
0,30.02,0.6399,30.00,22075383
0,30.02,0.6398,30.00,22085403
0,30.02,0.6398,30.00,22095406
0,29.98,0.6408,30.00,22105392
0,29.98,0.6409,30.00,22115395
0,29.95,0.6419,30.00,22125404
0,29.95,0.6420,30.00,22135395
0,29.95,0.6420,30.00,22145411
0,29.91,0.6431,30.00,22155403
0,29.91,0.6432,30.00,22165386
0,29.91,0.6433,30.00,22175394
0,29.91,0.6434,30.00,22185387
0,29.91,0.6434,30.00,22195379
0,29.98,0.6415,30.00,22205393
0,30.02,0.6404,30.00,22215394
0,30.02,0.6404,30.00,22225407
0,30.05,0.6394,30.00,22235377
0,30.09,0.6383,30.00,22245394
0,30.09,0.6382,30.00,22255377
0,30.09,0.6381,30.00,22265384
0,30.09,0.6380,30.00,22275405
0,30.02,0.6400,30.00,22285409
0,30.02,0.6400,30.00,22295404
0,30.02,0.6400,30.00,22305389
0,29.98,0.6410,30.00,22315389
0,29.98,0.6410,30.00,22325384
0,29.98,0.6410,30.00,22335389
0,29.98,0.6410,30.00,22345387
0,29.98,0.6410,30.00,22355407
0,29.98,0.6411,30.00,22365385
0,29.98,0.6411,30.00,22375405
0,29.98,0.6411,30.00,22385407
0,29.98,0.6411,30.00,22395388
0,30.02,0.6401,30.00,22405414
0,29.98,0.6411,30.00,22415390
0,29.98,0.6411,30.00,22425389
0,30.02,0.6401,30.00,22435408
0,30.02,0.6401,30.00,22445404
0,30.02,0.6401,30.00,22455390
0,29.98,0.6411,30.00,22465411
0,29.98,0.6411,30.00,22475409
0,30.02,0.6401,30.00,22485385
0,30.02,0.6401,30.00,22495409
0,30.05,0.6390,30.00,22505394
0,30.02,0.6400,30.00,22515412
0,30.02,0.6400,30.00,22525411
0,30.02,0.6400,30.00,22535406
0,30.02,0.6399,30.00,22545421
0,30.02,0.6399,30.00,22555409
0,30.02,0.6399,30.00,22565418
0,30.02,0.6399,30.00,22575411
0,30.02,0.6399,30.00,22585412
0,30.02,0.6399,30.00,22595412
0,29.98,0.6409,30.00,22605414
0,29.98,0.6409,30.00,22615420
0,30.02,0.6399,30.00,22625396
0,29.98,0.6409,30.00,22635391
0,29.98,0.6409,30.00,22645408
0,29.98,0.6409,30.00,22655418
0,29.98,0.6409,30.00,22665412
0,30.02,0.6399,30.00,22675396
0,30.02,0.6399,30.00,22685409
0,29.98,0.6409,30.00,22695412
0,30.02,0.6399,30.00,22705415
0,30.02,0.6399,30.00,22715397
0,29.95,0.6419,30.00,22725411
0,29.95,0.6420,30.00,22735413
0,29.95,0.6420,30.00,22745417
0,29.95,0.6421,30.00,22755408
0,30.02,0.6401,30.00,22765410
0,30.02,0.6400,30.00,22775412
0,30.02,0.6400,30.00,22785410
0,30.02,0.6400,30.00,22795392
0,30.02,0.6400,30.00,22805413
0,30.02,0.6400,30.00,22815413
0,30.02,0.6400,30.00,22825415
0,30.02,0.6399,30.00,22835416
0,30.02,0.6399,30.00,22845416
0,30.02,0.6399,30.00,22855415
0,30.02,0.6399,30.00,22865415
0,29.98,0.6409,30.00,22875412
0,29.98,0.6409,30.00,22885390
0,29.98,0.6409,30.00,22895416
0,29.98,0.6410,30.00,22905395
0,29.98,0.6410,30.00,22915390
0,29.98,0.6410,30.00,22925408
0,29.98,0.6410,30.00,22935387
0,29.98,0.6410,30.00,22945407
0,29.98,0.6410,30.00,22955391
0,29.98,0.6411,30.00,22965394
0,29.98,0.6411,30.00,22975389
0,29.98,0.6411,30.00,22985392
0,29.98,0.6411,30.00,22995413
0,29.98,0.6411,30.00,23005388
0,30.02,0.6401,30.00,23015392
0,30.02,0.6401,30.00,23025392
0,30.02,0.6401,30.00,23035408
0,30.02,0.6400,30.00,23045394
0,30.02,0.6400,30.00,23055393
0,30.02,0.6400,30.00,23065391
0,30.02,0.6400,30.00,23075391
0,30.02,0.6400,30.00,23085396
0,30.02,0.6400,30.00,23095392
0,29.98,0.6410,30.00,23105410
0,29.98,0.6410,30.00,23115385
0,29.98,0.6410,30.00,23125415
0,29.98,0.6410,30.00,23135388
0,29.98,0.6410,30.00,23145393
0,29.98,0.6411,30.00,23155392
0,29.98,0.6411,30.00,23165389
0,29.98,0.6411,30.00,23175396
0,29.98,0.6411,30.00,23185384
0,29.98,0.6411,30.00,23195394
0,29.98,0.6411,30.00,23205392
0,29.98,0.6412,30.00,23215393
0,29.98,0.6412,30.00,23225395
0,29.98,0.6412,30.00,23235383
0,29.98,0.6412,30.00,23245393
0,29.98,0.6412,30.00,23255389
0,29.98,0.6412,30.00,23265409
0,29.98,0.6413,30.00,23275389
0,29.98,0.6413,30.00,23285411
0,29.98,0.6413,30.00,23295393
0,29.98,0.6413,30.00,23305396
0,29.98,0.6413,30.00,23315395
0,30.02,0.6403,30.00,23325393
0,30.02,0.6403,30.00,23335384
0,30.05,0.6392,30.00,23345394
0,30.05,0.6392,30.00,23355395
0,30.05,0.6391,30.00,23365390
0,30.05,0.6391,30.00,23375401
0,30.05,0.6390,30.00,23385395
0,30.05,0.6390,30.00,23395394
0,30.05,0.6389,30.00,23405393
0,30.05,0.6389,30.00,23415386
0,30.02,0.6398,30.00,23425394
0,30.02,0.6398,30.00,23435383
0,30.02,0.6398,30.00,23445401
0,29.98,0.6408,30.00,23455390
0,29.98,0.6408,30.00,23465391
0,29.98,0.6409,30.00,23475389
0,29.98,0.6409,30.00,23485391
0,29.91,0.6430,30.00,23495391
0,29.91,0.6431,30.00,23505400
0,29.91,0.6431,30.00,23515384
0,29.91,0.6432,30.00,23525411
0,29.91,0.6433,30.00,23535392
0,29.98,0.6413,30.00,23545394
0,29.98,0.6413,30.00,23555396
0,29.98,0.6414,30.00,23565394
0,29.98,0.6414,30.00,23575387
0,29.98,0.6414,30.00,23585415
0,29.98,0.6414,30.00,23595416
0,29.98,0.6414,30.00,23605395
0,29.98,0.6414,30.00,23615392
0,30.02,0.6404,30.00,23625395
0,30.02,0.6404,30.00,23635393
0,30.02,0.6404,30.00,23645387
0,30.02,0.6404,30.00,23655384
0,30.02,0.6404,30.00,23665384
0,30.05,0.6393,30.00,23675387
0,30.02,0.6403,30.00,23685387
0,30.02,0.6403,30.00,23695397
0,30.05,0.6392,30.00,23705387
0,30.02,0.6402,30.00,23715395
0,30.02,0.6402,30.00,23725410
0,29.98,0.6412,30.00,23735392
0,29.98,0.6412,30.00,23745391
0,29.95,0.6423,30.00,23755391
0,29.95,0.6423,30.00,23765397
0,29.98,0.6413,30.00,23775388
0,29.98,0.6413,30.00,23785387
0,29.98,0.6414,30.00,23795382
0,29.98,0.6414,30.00,23805393
0,29.98,0.6414,30.00,23815391
0,29.98,0.6414,30.00,23825392
0,29.98,0.6414,30.00,23835392
0,29.98,0.6414,30.00,23845383
0,29.98,0.6415,30.00,23855397
0,29.98,0.6415,30.00,23865386
0,30.02,0.6405,30.00,23875395
0,29.98,0.6415,30.00,23885391
0,29.98,0.6415,30.00,23895398
0,29.98,0.6415,30.00,23905384
0,29.98,0.6415,30.00,23915388
0,29.98,0.6415,30.00,23925389
0,29.98,0.6416,30.00,23935396
0,29.98,0.6416,30.00,23945392
0,29.98,0.6416,30.00,23955394
0,29.98,0.6416,30.00,23965394
0,29.98,0.6416,30.00,23975385
0,29.98,0.6416,30.00,23985395
0,29.98,0.6417,30.00,23995387
0,29.98,0.6417,30.00,24005388
0,29.98,0.6417,30.00,24015403
0,29.98,0.6417,30.00,24025392
0,29.98,0.6417,30.00,24035395
0,30.02,0.6407,30.00,24045412
0,30.02,0.6407,30.00,24055413
0,30.05,0.6396,30.00,24065388
0,30.05,0.6396,30.00,24075388
0,30.02,0.6406,30.00,24085398
0,30.02,0.6405,30.00,24095421
0,30.02,0.6405,30.00,24105397
0,30.02,0.6405,30.00,24115400
0,30.02,0.6405,30.00,24125399
0,30.02,0.6405,30.00,24135412
0,29.98,0.6415,30.00,24145413
0,29.98,0.6415,30.00,24155401
0,30.02,0.6405,30.00,24165415
0,30.02,0.6405,30.00,24175413
0,30.02,0.6405,30.00,24185396
0,30.02,0.6404,30.00,24195405
0,29.98,0.6415,30.00,24205396
0,29.95,0.6425,30.00,24215390
0,29.95,0.6426,30.00,24225387
0,29.98,0.6416,30.00,24235400
0,29.91,0.6437,30.00,24245390
0,30.02,0.6406,30.00,24255419
0,29.98,0.6417,30.00,24265401
0,29.98,0.6417,30.00,24275402
0,29.98,0.6417,30.00,24285419
0,29.98,0.6417,30.00,24295415
0,29.98,0.6417,30.00,24305417
0,30.02,0.6407,30.00,24315399
0,30.02,0.6407,30.00,24325415
0,30.02,0.6407,30.00,24335416
0,30.02,0.6407,30.00,24345422
0,30.02,0.6406,30.00,24355416
0,30.02,0.6406,30.00,24365405
0,30.02,0.6406,30.00,24375414
0,30.02,0.6406,30.00,24385418
0,29.98,0.6416,30.00,24395418
0,29.95,0.6427,30.00,24405400
0,29.95,0.6427,30.00,24415425
0,29.95,0.6428,30.00,24425421
0,29.95,0.6428,30.00,24435397
0,29.95,0.6429,30.00,24445414
0,29.98,0.6419,30.00,24455423
0,29.98,0.6419,30.00,24465429
0,29.98,0.6419,30.00,24475419
0,29.98,0.6419,30.00,24485401
0,29.98,0.6419,30.00,24495399
0,29.98,0.6420,30.00,24505400
0,30.02,0.6409,30.00,24515399
0,30.02,0.6409,30.00,24525425
0,29.98,0.6419,30.00,24535420
0,29.98,0.6420,30.00,24545403
0,29.98,0.6420,30.00,24555406
0,29.98,0.6420,30.00,24565401
0,29.98,0.6420,30.00,24575422
0,29.98,0.6420,30.00,24585432
0,29.98,0.6420,30.00,24595423
0,29.98,0.6421,30.00,24605417
0,29.98,0.6421,30.00,24615420
0,29.98,0.6421,30.00,24625407
0,29.98,0.6421,30.00,24635390
0,29.98,0.6421,30.00,24645391
0,29.98,0.6421,30.00,24655396
0,29.98,0.6421,30.00,24665405
0,30.02,0.6411,30.00,24675387
0,30.02,0.6411,30.00,24685389
0,30.02,0.6411,30.00,24695397
0,30.02,0.6411,30.00,24705407
0,30.02,0.6411,30.00,24715383
0,30.02,0.6410,30.00,24725397
0,29.98,0.6421,30.00,24735396
0,29.98,0.6421,30.00,24745386
0,29.98,0.6421,30.00,24755384
0,29.98,0.6421,30.00,24765391
0,30.02,0.6411,30.00,24775386
0,30.02,0.6411,30.00,24785389
0,30.02,0.6411,30.00,24795392
0,30.02,0.6410,30.00,24805393
0,30.02,0.6410,30.00,24815379
0,30.02,0.6410,30.00,24825390
0,30.02,0.6410,30.00,24835387
0,30.02,0.6410,30.00,24845398
0,30.02,0.6409,30.00,24855391
0,30.02,0.6409,30.00,24865392
0,30.02,0.6409,30.00,24875391
0,30.02,0.6409,30.00,24885391
0,30.02,0.6409,30.00,24895390
0,30.02,0.6409,30.00,24905390
0,30.02,0.6408,30.00,24915392
0,30.02,0.6408,30.00,24925389
0,30.02,0.6408,30.00,24935389
0,29.98,0.6418,30.00,24945401
0,29.98,0.6418,30.00,24955390
0,29.98,0.6419,30.00,24965394
0,29.98,0.6419,30.00,24975392
0,29.98,0.6419,30.00,24985405
0,30.02,0.6409,30.00,24995390
0,29.98,0.6419,30.00,25005389
0,29.98,0.6419,30.00,25015394
0,30.02,0.6409,30.00,25025388
0,30.02,0.6409,30.00,25035392
0,30.02,0.6408,30.00,25045403
0,30.02,0.6408,30.00,25055391
0,30.02,0.6408,30.00,25065384
0,30.02,0.6408,30.00,25075390
0,30.02,0.6408,30.00,25085383
0,29.98,0.6418,30.00,25095384
0,29.98,0.6418,30.00,25105389
0,29.98,0.6418,30.00,25115385
0,29.98,0.6418,30.00,25125383
0,29.98,0.6419,30.00,25135389
0,29.98,0.6419,30.00,25145388
0,29.98,0.6419,30.00,25155403
0,29.91,0.6440,30.00,25165388
0,29.98,0.6420,30.00,25175391
0,29.91,0.6441,30.00,25185393
0,29.91,0.6442,30.00,25195386
0,29.98,0.6422,30.00,25205390
0,29.98,0.6422,30.00,25215393
0,29.98,0.6422,30.00,25225392
0,29.98,0.6422,30.00,25235385
0,29.98,0.6422,30.00,25245390
0,29.98,0.6423,30.00,25255410
0,29.98,0.6423,30.00,25265386
0,29.98,0.6423,30.00,25275402
0,29.98,0.6423,30.00,25285392
0,29.98,0.6423,30.00,25295389
0,29.98,0.6423,30.00,25305395
0,29.98,0.6424,30.00,25315391
0,30.02,0.6413,30.00,25325392
0,30.02,0.6413,30.00,25335390
0,30.02,0.6413,30.00,25345387
0,30.02,0.6413,30.00,25355393
0,29.98,0.6423,30.00,25365392
0,29.98,0.6423,30.00,25375393
0,30.02,0.6413,30.00,25385393
0,30.02,0.6413,30.00,25395389
0,29.98,0.6423,30.00,25405395
0,29.98,0.6423,30.00,25415387
0,29.98,0.6423,30.00,25425392
0,29.98,0.6424,30.00,25435400
0,29.98,0.6424,30.00,25445391
0,29.98,0.6424,30.00,25455393
0,29.98,0.6424,30.00,25465393
0,29.98,0.6424,30.00,25475393
0,29.98,0.6424,30.00,25485390
0,29.98,0.6425,30.00,25495387
0,30.02,0.6414,30.00,25505393
0,30.02,0.6414,30.00,25515404
0,30.02,0.6414,30.00,25525403
0,30.02,0.6414,30.00,25535382
0,30.02,0.6414,30.00,25545403
0,30.02,0.6413,30.00,25555390
0,30.05,0.6403,30.00,25565387
0,30.02,0.6413,30.00,25575386
0,30.02,0.6413,30.00,25585391
0,30.02,0.6412,30.00,25595393
0,30.02,0.6412,30.00,25605393
0,30.02,0.6412,30.00,25615389
0,30.02,0.6412,30.00,25625392
0,29.98,0.6422,30.00,25635395
0,30.02,0.6412,30.00,25645389
0,29.98,0.6422,30.00,25655394
0,30.02,0.6412,30.00,25665390
0,30.02,0.6412,30.00,25675393
0,30.02,0.6411,30.00,25685384
0,30.02,0.6411,30.00,25695394
0,30.02,0.6411,30.00,25705392
0,30.02,0.6411,30.00,25715391
0,30.02,0.6411,30.00,25725394
0,29.98,0.6421,30.00,25735393
0,29.98,0.6421,30.00,25745391
0,29.91,0.6442,30.00,25755387
0,29.91,0.6443,30.00,25765393
0,29.91,0.6444,30.00,25775390
0,29.91,0.6445,30.00,25785391
0,29.91,0.6445,30.00,25795390
0,29.98,0.6426,30.00,25805392
0,29.98,0.6426,30.00,25815401
0,30.02,0.6416,30.00,25825427
0,30.02,0.6415,30.00,25835395
0,30.02,0.6415,30.00,25845394
0,30.02,0.6415,30.00,25855402
0,30.02,0.6415,30.00,25865389
0,30.02,0.6415,30.00,25875390
0,30.02,0.6414,30.00,25885399
0,30.02,0.6414,30.00,25895407
0,30.02,0.6414,30.00,25905395
0,30.02,0.6414,30.00,25915404
0,30.02,0.6414,30.00,25925393
0,29.98,0.6424,30.00,25935395
0,29.98,0.6424,30.00,25945393
0,29.98,0.6424,30.00,25955406
0,29.98,0.6424,30.00,25965394
0,29.98,0.6425,30.00,25975404
0,29.98,0.6425,30.00,25985409
0,29.98,0.6425,30.00,25995392
0,29.98,0.6425,30.00,26005396
0,29.98,0.6425,30.00,26015426
0,30.02,0.6415,30.00,26025406
0,30.02,0.6415,30.00,26035414
0,30.02,0.6415,30.00,26045397
0,30.02,0.6415,30.00,26055393
0,30.02,0.6414,30.00,26065409
0,30.02,0.6414,30.00,26075425
0,30.02,0.6414,30.00,26085414
0,30.02,0.6414,30.00,26095400
0,30.02,0.6414,30.00,26105406
0,30.02,0.6413,30.00,26115394
0,30.02,0.6413,30.00,26125394
0,30.02,0.6413,30.00,26135405
0,30.02,0.6413,30.00,26145400
0,30.02,0.6413,30.00,26155410
0,29.98,0.6423,30.00,26165405
0,29.98,0.6423,30.00,26175405
0,29.98,0.6423,30.00,26185395
0,30.02,0.6413,30.00,26195408
0,30.02,0.6413,30.00,26205399
0,30.02,0.6413,30.00,26215391
0,30.02,0.6413,30.00,26225406
0,30.02,0.6412,30.00,26235392
0,30.02,0.6412,30.00,26245398
0,30.02,0.6412,30.00,26255394
0,30.02,0.6412,30.00,26265398
0,30.02,0.6412,30.00,26275390
0,30.02,0.6411,30.00,26285400
0,30.02,0.6411,30.00,26295395
0,29.98,0.6421,30.00,26305415
0,29.98,0.6422,30.00,26315415
0,29.98,0.6422,30.00,26325400
0,29.98,0.6422,30.00,26335400
0,29.98,0.6422,30.00,26345404
0,29.98,0.6422,30.00,26355411
0,29.98,0.6422,30.00,26365400
0,29.95,0.6433,30.00,26375399
0,29.91,0.6444,30.00,26385407
0,29.91,0.6445,30.00,26395408
0,29.95,0.6435,30.00,26405389
0,29.98,0.6425,30.00,26415388
0,30.02,0.6415,30.00,26425396
0,30.02,0.6415,30.00,26435392
0,30.05,0.6404,30.00,26445390
0,30.05,0.6404,30.00,26455394
0,30.05,0.6403,30.00,26465406
0,30.05,0.6403,30.00,26475399
0,30.05,0.6402,30.00,26485389
0,30.05,0.6402,30.00,26495400
0,30.02,0.6412,30.00,26505388
0,30.02,0.6411,30.00,26515389
0,29.98,0.6422,30.00,26525392
0,29.91,0.6442,30.00,26535387
0,29.91,0.6443,30.00,26545387
0,29.91,0.6444,30.00,26555383
0,29.91,0.6445,30.00,26565390
0,29.91,0.6446,30.00,26575388
0,29.91,0.6447,30.00,26585395
0,29.91,0.6448,30.00,26595399
0,29.98,0.6428,30.00,26605377
0,29.98,0.6428,30.00,26615388
0,30.02,0.6418,30.00,26625390
0,30.02,0.6418,30.00,26635387
0,30.05,0.6407,30.00,26645389
0,30.05,0.6406,30.00,26655393
0,30.02,0.6416,30.00,26665388
0,30.02,0.6416,30.00,26675376
0,30.02,0.6416,30.00,26685400
0,30.02,0.6416,30.00,26695389
0,30.02,0.6416,30.00,26705386
0,30.02,0.6415,30.00,26715387
0,30.02,0.6415,30.00,26725394
0,30.02,0.6415,30.00,26735389
0,29.98,0.6425,30.00,26745393
0,29.98,0.6425,30.00,26755388
0,29.98,0.6426,30.00,26765402
0,29.98,0.6426,30.00,26775392
0,29.98,0.6426,30.00,26785389
0,29.98,0.6426,30.00,26795402
0,29.98,0.6426,30.00,26805390
0,29.98,0.6426,30.00,26815390
0,30.02,0.6416,30.00,26825397
0,29.98,0.6426,30.00,26835380
0,30.02,0.6416,30.00,26845393
0,30.02,0.6416,30.00,26855384
0,30.02,0.6416,30.00,26865392
0,30.02,0.6416,30.00,26875385
0,30.02,0.6416,30.00,26885393
0,30.02,0.6415,30.00,26895393
0,30.02,0.6415,30.00,26905397
0,30.02,0.6415,30.00,26915395
0,30.02,0.6415,30.00,26925390
0,30.02,0.6415,30.00,26935388
0,30.02,0.6414,30.00,26945398
0,30.02,0.6414,30.00,26955401
0,30.02,0.6414,30.00,26965392
0,30.02,0.6414,30.00,26975394
0,29.98,0.6424,30.00,26985404
0,29.98,0.6424,30.00,26995390
0,29.98,0.6424,30.00,27005389
0,29.98,0.6425,30.00,27015391
0,29.98,0.6425,30.00,27025389
0,29.98,0.6425,30.00,27035398
0,29.98,0.6425,30.00,27045395
0,29.98,0.6425,30.00,27055397
0,29.98,0.6425,30.00,27065396
0,29.98,0.6426,30.00,27075391
0,29.98,0.6426,30.00,27085396
0,30.02,0.6416,30.00,27095402
0,30.02,0.6415,30.00,27105390
0,30.02,0.6415,30.00,27115388
0,30.02,0.6415,30.00,27125401
0,30.02,0.6415,30.00,27135387
0,30.02,0.6415,30.00,27145396
0,30.02,0.6414,30.00,27155395
0,30.02,0.6414,30.00,27165391
0,30.02,0.6414,30.00,27175378
0,29.98,0.6424,30.00,27185390
0,29.98,0.6424,30.00,27195395
0,29.98,0.6425,30.00,27205395
0,29.98,0.6425,30.00,27215389
0,29.95,0.6435,30.00,27225396
0,29.91,0.6446,30.00,27235394
0,29.91,0.6447,30.00,27245399
0,29.91,0.6448,30.00,27255409
0,29.91,0.6449,30.00,27265400
0,29.91,0.6450,30.00,27275392
0,29.91,0.6450,30.00,27285392
0,29.98,0.6431,30.00,27295392
0,29.98,0.6431,30.00,27305388
0,29.98,0.6431,30.00,27315392
0,29.98,0.6431,30.00,27325404
0,29.98,0.6431,30.00,27335395
0,29.98,0.6431,30.00,27345400
0,30.02,0.6421,30.00,27355388
0,30.02,0.6421,30.00,27365394
0,30.02,0.6421,30.00,27375390
0,30.05,0.6410,30.00,27385386
0,30.02,0.6420,30.00,27395391
0,30.02,0.6420,30.00,27405399
0,30.02,0.6420,30.00,27415393
0,30.02,0.6420,30.00,27425396
0,30.02,0.6419,30.00,27435410
0,30.02,0.6419,30.00,27445391
0,29.98,0.6429,30.00,27455393
0,29.98,0.6430,30.00,27465397
0,29.98,0.6430,30.00,27475398
0,29.95,0.6440,30.00,27485391
0,29.95,0.6441,30.00,27495403
0,29.95,0.6441,30.00,27505394
0,29.98,0.6431,30.00,27515396
0,29.98,0.6432,30.00,27525393
0,29.98,0.6432,30.00,27535393
0,29.98,0.6432,30.00,27545396
0,29.98,0.6432,30.00,27555390
0,29.98,0.6432,30.00,27565389
0,30.02,0.6422,30.00,27575397
0,30.02,0.6422,30.00,27585389
0,30.02,0.6422,30.00,27595391
0,30.02,0.6422,30.00,27605396
0,30.02,0.6421,30.00,27615391
0,29.98,0.6432,30.00,27625397
0,29.98,0.6432,30.00,27635415
0,29.98,0.6432,30.00,27645395
0,30.02,0.6422,30.00,27655399
0,30.05,0.6411,30.00,27665391
0,30.05,0.6411,30.00,27675404
0,30.02,0.6420,30.00,27685397
0,30.02,0.6420,30.00,27695404
0,30.02,0.6420,30.00,27705407
0,30.02,0.6420,30.00,27715397
0,30.02,0.6420,30.00,27725400
0,30.02,0.6420,30.00,27735399
0,30.02,0.6419,30.00,27745392
0,29.98,0.6430,30.00,27755395
0,29.98,0.6430,30.00,27765399
0,29.95,0.6440,30.00,27775394
0,29.95,0.6441,30.00,27785407
0,29.98,0.6431,30.00,27795403
0,29.98,0.6431,30.00,27805405
0,29.98,0.6431,30.00,27815397
0,29.98,0.6431,30.00,27825414
0,29.98,0.6432,30.00,27835407
0,30.02,0.6421,30.00,27845400
0,30.02,0.6421,30.00,27855413
0,30.02,0.6421,30.00,27865405
0,30.02,0.6421,30.00,27875413
0,30.02,0.6421,30.00,27885405
0,30.02,0.6421,30.00,27895408
0,30.02,0.6420,30.00,27905414
0,30.02,0.6420,30.00,27915397
0,30.02,0.6420,30.00,27925414
0,30.02,0.6420,30.00,27935403
0,30.02,0.6420,30.00,27945417
0,29.98,0.6430,30.00,27955409
0,29.98,0.6430,30.00,27965417
0,29.98,0.6430,30.00,27975408
0,29.98,0.6430,30.00,27985419
0,29.98,0.6430,30.00,27995399
0,29.98,0.6431,30.00,28005397
0,29.98,0.6431,30.00,28015405
0,29.98,0.6431,30.00,28025403
0,29.98,0.6431,30.00,28035397
0,30.02,0.6421,30.00,28045402
0,30.02,0.6421,30.00,28055405
0,30.02,0.6421,30.00,28065418
0,30.02,0.6420,30.00,28075403
0,30.02,0.6420,30.00,28085416
0,30.02,0.6420,30.00,28095413
0,30.02,0.6420,30.00,28105415
0,29.98,0.6430,30.00,28115418
0,29.98,0.6430,30.00,28125408
0,30.02,0.6420,30.00,28135405
0,29.98,0.6430,30.00,28145397
0,29.98,0.6430,30.00,28155402
0,30.02,0.6420,30.00,28165408
0,30.02,0.6420,30.00,28175413
0,30.02,0.6420,30.00,28185409
0,30.02,0.6420,30.00,28195399
0,30.02,0.6419,30.00,28205399
0,30.02,0.6419,30.00,28215404
0,30.02,0.6419,30.00,28225404
0,30.02,0.6419,30.00,28235395
0,30.02,0.6419,30.00,28245403
0,30.02,0.6419,30.00,28255388
0,30.02,0.6418,30.00,28265402
0,30.02,0.0000,0.00,28275452
0,30.02,0.0000,0.00,28285396
0,29.98,0.0000,0.00,28295394
0,29.98,0.0000,0.00,28305384
0,16.45,0.0000,0.00,28315394
0,16.45,0.0000,0.00,28325400
0,16.45,0.0000,0.00,28335395
0,16.45,0.0000,0.00,28345393
0,9.20,0.0000,0.00,28355391
0,9.20,0.0000,0.00,28365393
0,9.20,0.0000,0.00,28375398
0,9.20,0.0000,0.00,28385393
0,9.20,0.0000,0.00,28395387
0,9.20,0.0000,0.00,28405396
0,4.30,0.0000,0.00,28415382
0,4.30,0.0000,0.00,28425396
0,4.30,0.0000,0.00,28435391
0,4.30,0.0000,0.00,28445397
0,4.30,0.0000,0.00,28455386
0,4.30,0.0000,0.00,28465395
0,3.83,0.0000,0.00,28475384
0,3.39,0.0000,0.00,28485392
0,3.06,0.0000,0.00,28495394
0,2.76,0.0000,0.00,28505388
0,2.52,0.0000,0.00,28515403
0,2.25,0.0000,0.00,28525395
0,2.03,0.0000,0.00,28535382
0,1.84,0.0000,0.00,28545390
0,1.64,0.0000,0.00,28555398
0,1.50,0.0000,0.00,28565392
0,1.37,0.0000,0.00,28575385
0,1.23,0.0000,0.00,28585395
0,1.10,0.0000,0.00,28595393
0,1.01,0.0000,0.00,28605395
0,0.93,0.0000,0.00,28615393
0,0.86,0.0000,0.00,28625389
0,0.79,0.0000,0.00,28635379
0,0.70,0.0000,0.00,28645382
0,0.66,0.0000,0.00,28655383
0,0.59,0.0000,0.00,28665386
0,0.54,0.0000,0.00,28675397
0,0.49,0.0000,0.00,28685384
0,0.47,0.0000,0.00,28695394
0,0.42,0.0000,0.00,28705397
0,0.39,0.0000,0.00,28715393
0,0.36,0.0000,0.00,28725387
0,0.33,0.0000,0.00,28735387
0,0.31,0.0000,0.00,28745391
0,0.30,0.0000,0.00,28755388
0,0.26,0.0000,0.00,28765391
0,0.24,0.0000,0.00,28775386
0,0.23,0.0000,0.00,28785391
0,0.22,0.0000,0.00,28795392
0,0.20,0.0000,0.00,28805399
0,0.20,0.0000,0.00,28815393
0,0.18,0.0000,0.00,28825395
0,0.16,0.0000,0.00,28835393
0,0.16,0.0000,0.00,28845397
0,0.15,0.0000,0.00,28855378
0,0.14,0.0000,0.00,28865395
0,0.14,0.0000,0.00,28875398
0,0.12,0.0000,0.00,28885389
0,0.12,0.0000,0.00,28895395
0,0.11,0.0000,0.00,28905391
0,0.10,0.0000,0.00,28915397
0,0.09,0.0000,0.00,28925388
0,0.09,0.0000,0.00,28935401
0,0.09,0.0000,0.00,28945391
0,0.08,0.0000,0.00,28955394
0,0.08,0.0000,0.00,28965394
0,0.08,0.0000,0.00,28975394
0,0.08,0.0000,0.00,28985395
0,0.08,0.0000,0.00,28995395
0,0.08,0.0000,0.00,29005404
0,0.08,0.0000,0.00,29015395
0,0.07,0.0000,0.00,29025397
0,0.07,0.0000,0.00,29035397
0,0.07,0.0000,0.00,29045399
0,0.07,0.0000,0.00,29055395
0,0.07,0.0000,0.00,29065397
0,0.06,0.0000,0.00,29075396
0,0.06,0.0000,0.00,29085398
0,0.06,0.0000,0.00,29095383
0,0.06,0.0000,0.00,29105394
0,0.06,0.0000,0.00,29115395
0,0.06,0.0000,0.00,29125391
0,0.06,0.0000,0.00,29135401
0,0.06,0.0000,0.00,29145394
0,0.06,0.0000,0.00,29155403
0,0.05,0.0000,0.00,29165395
0,0.05,0.0000,0.00,29175385
0,0.05,0.0000,0.00,29185395
0,0.05,0.0000,0.00,29195385
0,0.05,0.0000,0.00,29205400
0,0.05,0.0000,0.00,29215391
0,0.05,0.0000,0.00,29225402
0,0.05,0.0000,0.00,29235386
0,0.05,0.0000,0.00,29245396
0,0.05,0.0000,0.00,29255403
0,0.04,0.0000,0.00,29265396
0,0.05,0.0000,0.00,29275396
0,0.04,0.0000,0.00,29285395
0,0.04,0.0000,0.00,29295395
0,0.04,0.0000,0.00,29305401
0,0.04,0.0000,0.00,29315400
0,0.04,0.0000,0.00,29325402
0,0.04,0.0000,0.00,29335389
0,0.04,0.0000,0.00,29345404
0,0.04,0.0000,0.00,29355393
0,0.04,0.0000,0.00,29365407
0,0.04,0.0000,0.00,29375401
0,0.04,0.0000,0.00,29385400
0,0.04,0.0000,0.00,29395396
0,0.04,0.0000,0.00,29405397
0,0.04,0.0000,0.00,29415401
0,0.03,0.0000,0.00,29425405
0,0.03,0.0000,0.00,29435402
0,0.03,0.0000,0.00,29445402
0,0.03,0.0000,0.00,29455411
0,0.03,0.0000,0.00,29465398
0,0.03,0.0000,0.00,29475406
0,0.03,0.0000,0.00,29485409
0,0.03,0.0000,0.00,29495406
0,0.03,0.0000,0.00,29505409
0,0.03,0.0000,0.00,29515403
0,0.03,0.0000,0.00,29525411
0,0.03,0.0000,0.00,29535402
0,0.03,0.0000,0.00,29545403
0,0.03,0.0000,0.00,29555403
0,0.03,0.0000,0.00,29565404
0,0.03,0.0000,0.00,29575392
0,0.03,0.0000,0.00,29585408
0,0.03,0.0000,0.00,29595390
0,0.03,0.0000,0.00,29605404
0,0.03,0.0000,0.00,29615409
0,0.03,0.0000,0.00,29625401
0,0.03,0.0000,0.00,29635407
0,0.03,0.0000,0.00,29645393
0,0.03,0.0000,0.00,29655407
0,0.03,0.0000,0.00,29665407
0,0.03,0.0000,0.00,29675404
0,0.03,0.0000,0.00,29685404
0,0.03,0.0000,0.00,29695396
0,0.03,0.0000,0.00,29705406
0,0.03,0.0000,0.00,29715393
0,0.03,0.0000,0.00,29725400
0,0.03,0.0000,0.00,29735411
0,0.03,0.0000,0.00,29745401
0,0.03,0.0000,0.00,29755393
0,0.03,0.0000,0.00,29765408
0,0.03,0.0000,0.00,29775400
0,0.03,0.0000,0.00,29785411
0,0.03,0.0000,0.00,29795397
0,0.03,0.0000,0.00,29805408
0,0.03,0.0000,0.00,29815404
0,0.03,0.0000,0.00,29825407
0,0.03,0.0000,0.00,29835400
0,0.03,0.0000,0.00,29845404
0,0.03,0.0000,0.00,29855393
0,0.03,0.0000,0.00,29865394
0,0.03,0.0000,0.00,29875405
0,0.03,0.0000,0.00,29885400
0,0.03,0.0000,0.00,29895401
0,0.03,0.0000,0.00,29905410
0,0.03,0.0000,0.00,29915409
0,0.03,0.0000,0.00,29925412
0,0.03,0.0000,0.00,29935401
0,0.03,0.0000,0.00,29945393
0,0.03,0.0000,0.00,29955394
0,0.03,0.0000,0.00,29965394
0,0.03,0.0000,0.00,29975394
0,0.03,0.0000,0.00,29985391
0,0.03,0.0000,0.00,29995390
0,0.03,0.0000,0.00,30005390
0,0.03,0.0000,0.00,30015393
0,0.03,0.0000,0.00,30025394
0,0.03,0.0000,0.00,30035383
0,0.03,0.0000,0.00,30045394
0,0.03,0.0000,0.00,30055397
0,0.03,0.0000,0.00,30065399
0,0.03,0.0000,0.00,30075388
0,0.03,0.0000,0.00,30085381
0,0.03,0.0000,0.00,30095382
0,0.03,0.0000,0.00,30105389
0,0.03,0.0000,0.00,30115384
0,0.03,0.0000,0.00,30125405
0,0.03,0.0000,0.00,30135383
0,0.03,0.0000,0.00,30145386
0,0.03,0.0000,0.00,30155385
0,0.03,0.0000,0.00,30165392
0,0.03,0.0000,0.00,30175396
0,0.03,0.0000,0.00,30185383
0,0.03,0.0000,0.00,30195384
0,0.03,0.0000,0.00,30205395
0,0.03,0.0000,0.00,30215396
0,0.03,0.0000,0.00,30225400
0,0.03,0.0000,0.00,30235393
0,0.03,0.0000,0.00,30245403
0,0.03,0.0000,0.00,30255389
0,0.03,0.0000,0.00,30265394
0,0.03,0.0000,0.00,30275394
0,0.03,0.0000,0.00,30285391
0,0.03,0.0000,0.00,30295400
0,0.03,0.0000,0.00,30305383
0,0.03,0.0000,0.00,30315393
0,0.02,0.0000,0.00,30325397
0,0.02,0.0000,0.00,30335386
0,0.02,0.0000,0.00,30345394
0,0.02,0.0000,0.00,30355393
0,0.02,0.0000,0.00,30365395
0,0.02,0.0000,0.00,30375385
0,0.02,0.0000,0.00,30385400
0,0.02,0.0000,0.00,30395398
0,0.02,0.0000,0.00,30405399
0,0.02,0.0000,0.00,30415393
0,0.02,0.0000,0.00,30425399
0,0.03,0.0000,0.00,30435395
0,0.03,0.0000,0.00,30445388
0,0.03,0.0000,0.00,30455384
0,0.03,0.0000,0.00,30465391
0,0.03,0.0000,0.00,30475385
0,0.03,0.0000,0.00,30485391
0,0.03,0.0000,0.00,30495396
0,0.03,0.0000,0.00,30505396
0,0.03,0.0000,0.00,30515386
0,0.03,0.0000,0.00,30525391
0,0.03,0.0000,0.00,30535384
0,0.02,0.0000,0.00,30545393
0,0.03,0.0000,0.00,30555399
0,0.03,0.0000,0.00,30565400
0,0.03,0.0000,0.00,30575390
0,0.03,0.0000,0.00,30585397
0,0.03,0.0000,0.00,30595396
0,0.02,0.0000,0.00,30605392
0,0.02,0.0000,0.00,30615399
0,0.03,0.0000,0.00,30625392
0,0.02,0.0000,0.00,30635395
0,0.02,0.0000,0.00,30645398
0,0.03,0.0000,0.00,30655386
0,0.03,0.0000,0.00,30665399
0,0.02,0.0000,0.00,30675386
0,0.02,0.0000,0.00,30685400
0,0.02,0.0000,0.00,30695387
0,0.02,0.0000,0.00,30705394
0,0.02,0.0000,0.00,30715384
0,0.02,0.0000,0.00,30725395
0,0.02,0.0000,0.00,30735387
0,0.02,0.0000,0.00,30745401
0,0.02,0.0000,0.00,30755388
0,0.02,0.0000,0.00,30765390
0,0.02,0.0000,0.00,30775389
0,0.02,0.0000,0.00,30785398
0,0.02,0.0000,0.00,30795397
0,0.02,0.0000,0.00,30805391
0,0.02,0.0000,0.00,30815399
0,0.02,0.0000,0.00,30825394
0,0.02,0.0000,0.00,30835403
0,0.02,0.0000,0.00,30845393
0,0.02,0.0000,0.00,30855401
0,0.03,0.0000,0.00,30865395
0,0.02,0.0000,0.00,30875395
0,0.02,0.0000,0.00,30885399
0,0.02,0.0000,0.00,30895402
0,0.02,0.0000,0.00,30905400
0,0.02,0.0000,0.00,30915388
0,0.03,0.0000,0.00,30925396
0,0.03,0.0000,0.00,30935397
0,0.02,0.0000,0.00,30945394
0,0.02,0.0000,0.00,30955400
0,0.02,0.0000,0.00,30965395
0,0.02,0.0000,0.00,30975395
0,0.02,0.0000,0.00,30985397
0,0.02,0.0000,0.00,30995400
0,0.02,0.0000,0.00,31005399
0,0.02,0.0000,0.00,31015388
0,0.02,0.0000,0.00,31025386
0,0.02,0.0000,0.00,31035391
0,0.02,0.0000,0.00,31045403
0,0.02,0.0000,0.00,31055402
0,0.02,0.0000,0.00,31065400
0,0.02,0.0000,0.00,31075389
0,0.02,0.0000,0.00,31085391
0,0.02,0.0000,0.00,31095394
0,0.03,0.0000,0.00,31105400
0,0.03,0.0000,0.00,31115400
0,0.03,0.0000,0.00,31125402
0,0.03,0.0000,0.00,31135407
0,0.03,0.0000,0.00,31145398
0,0.03,0.0000,0.00,31155402
0,0.03,0.0000,0.00,31165397
0,0.03,0.0000,0.00,31175403
0,0.03,0.0000,0.00,31185400
0,0.03,0.0000,0.00,31195388
0,0.03,0.0000,0.00,31205402
0,0.03,0.0000,0.00,31215402
0,0.03,0.0000,0.00,31225405
0,0.03,0.0000,0.00,31235406
0,0.03,0.0000,0.00,31245390
0,0.03,0.0000,0.00,31255399
0,0.03,0.0000,0.00,31265403
0,0.03,0.0000,0.00,31275407
0,0.03,0.0000,0.00,31285397
0,0.03,0.0000,0.00,31295395
0,0.03,0.0000,0.00,31305403
0,0.02,0.0000,0.00,31315404
0,0.02,0.0000,0.00,31325410
0,0.02,0.0000,0.00,31335396
0,0.02,0.0000,0.00,31345411
0,0.02,0.0000,0.00,31355411
0,0.02,0.0000,0.00,31365408
0,0.02,0.0000,0.00,31375403
0,0.02,0.0000,0.00,31385393
0,0.02,0.0000,0.00,31395398
0,0.02,0.0000,0.00,31405407
0,0.02,0.0000,0.00,31415410
0,0.02,0.0000,0.00,31425408
0,0.02,0.0000,0.00,31435396
0,0.02,0.0000,0.00,31445406
0,0.02,0.0000,0.00,31455405
0,0.02,0.0000,0.00,31465425
0,0.02,0.0000,0.00,31475405
0,0.02,0.0000,0.00,31485409
0,0.02,0.0000,0.00,31495416
0,0.02,0.0000,0.00,31505401
0,0.02,0.0000,0.00,31515420
0,0.02,0.0000,0.00,31525412
0,0.02,0.0000,0.00,31535408
0,0.03,0.0000,0.00,31545409
0,0.02,0.0000,0.00,31555401
0,0.02,0.0000,0.00,31565414
0,0.02,0.0000,0.00,31575399
0,0.02,0.0000,0.00,31585410
0,0.02,0.0000,0.00,31595403
0,0.02,0.0000,0.00,31605397
0,0.02,0.0000,0.00,31615405
0,0.02,0.0000,0.00,31625416
0,0.02,0.0000,0.00,31635408
0,0.02,0.0000,0.00,31645401
0,0.02,0.0000,0.00,31655393
0,0.02,0.0000,0.00,31665410
0,0.02,0.0000,0.00,31675405
0,0.02,0.0000,0.00,31685403
0,0.02,0.0000,0.00,31695401
0,0.02,0.0000,0.00,31705406
0,0.02,0.0000,0.00,31715400
0,0.02,0.0000,0.00,31725404
0,0.02,0.0000,0.00,31735388
0,0.02,0.0000,0.00,31745392
0,0.02,0.0000,0.00,31755400
0,0.02,0.0000,0.00,31765393
0,0.02,0.0000,0.00,31775389
0,0.02,0.0000,0.00,31785404
0,0.02,0.0000,0.00,31795387
0,0.02,0.0000,0.00,31805393
0,0.02,0.0000,0.00,31815407
0,0.02,0.0000,0.00,31825400
0,0.02,0.0000,0.00,31835403
0,0.02,0.0000,0.00,31845398
0,0.02,0.0000,0.00,31855397
0,0.02,0.0000,0.00,31865397
0,0.02,0.0000,0.00,31875394
0,0.02,0.0000,0.00,31885397
0,0.02,0.0000,0.00,31895396
0,0.02,0.0000,0.00,31905400
0,0.02,0.0000,0.00,31915405
0,0.02,0.0000,0.00,31925399
0,0.02,0.0000,0.00,31935397
0,0.02,0.0000,0.00,31945401
0,0.02,0.0000,0.00,31955406
0,0.02,0.0000,0.00,31965391
0,0.02,0.0000,0.00,31975393
0,0.02,0.0000,0.00,31985385
0,0.02,0.0000,0.00,31995391
0,0.02,0.0000,0.00,32005384
0,0.02,0.0000,0.00,32015397
0,0.02,0.0000,0.00,32025385
0,0.02,0.0000,0.00,32035399
0,0.02,0.0000,0.00,32045391
0,0.02,0.0000,0.00,32055395
0,0.02,0.0000,0.00,32065388
0,0.02,0.0000,0.00,32075396
0,0.02,0.0000,0.00,32085394
0,0.02,0.0000,0.00,32095392
0,0.02,0.0000,0.00,32105390
0,0.02,0.0000,0.00,32115392
0,0.02,0.0000,0.00,32125411
0,0.02,0.0000,0.00,32135409
0,0.02,0.0000,0.00,32145400
0,0.02,0.0000,0.00,32155402
0,0.02,0.0000,0.00,32165409
0,0.02,0.0000,0.00,32175401
0,0.02,0.0000,0.00,32185400
0,0.02,0.0000,0.00,32195393
0,0.02,0.0000,0.00,32205392
0,0.02,0.0000,0.00,32215403
0,0.02,0.0000,0.00,32225402
0,0.02,0.0000,0.00,32235397
0,0.02,0.0000,0.00,32245390
0,0.02,0.0000,0.00,32255396
0,0.02,0.0000,0.00,32265399
0,0.02,0.0000,0.00,32275402
0,0.02,0.0000,0.00,32285397
0,0.02,0.0000,0.00,32295401
0,0.02,0.0000,0.00,32305393
0,0.02,0.0000,0.00,32315393
0,0.02,0.0000,0.00,32325393
0,0.02,0.0000,0.00,32335393
0,0.02,0.0000,0.00,32345405
0,0.02,0.0000,0.00,32355394
0,0.02,0.0000,0.00,32365394
0,0.02,0.0000,0.00,32375392
0,0.02,0.0000,0.00,32385386
0,0.02,0.0000,0.00,32395395
0,0.02,0.0000,0.00,32405400
0,0.02,0.0000,0.00,32415396
0,0.02,0.0000,0.00,32425388
0,0.02,0.0000,0.00,32435399
0,0.02,0.0000,0.00,32445413
0,0.02,0.0000,0.00,32455406
0,0.02,0.0000,0.00,32465396
0,0.02,0.0000,0.00,32475389
0,0.02,0.0000,0.00,32485396
0,0.02,0.0000,0.00,32495390
0,0.02,0.0000,0.00,32505405
0,0.02,0.0000,0.00,32515406
0,0.02,0.0000,0.00,32525406
0,0.02,0.0000,0.00,32535399
0,0.02,0.0000,0.00,32545398
0,0.02,0.0000,0.00,32555396
0,0.02,0.0000,0.00,32565405
0,0.02,0.0000,0.00,32575400
0,0.02,0.0000,0.00,32585404
0,0.02,0.0000,0.00,32595392
0,0.02,0.0000,0.00,32605397
0,0.02,0.0000,0.00,32615402
0,0.02,0.0000,0.00,32625401
0,0.02,0.0000,0.00,32635405
0,0.02,0.0000,0.00,32645394
0,0.02,0.0000,0.00,32655404
0,0.02,0.0000,0.00,32665407
0,0.02,0.0000,0.00,32675398
0,0.02,0.0000,0.00,32685395
0,0.02,0.0000,0.00,32695392
0,0.02,0.0000,0.00,32705410
0,0.02,0.0000,0.00,32715405
0,0.02,0.0000,0.00,32725401
0,0.02,0.0000,0.00,32735392
0,0.02,0.0000,0.00,32745394
0,0.02,0.0000,0.00,32755392
0,0.02,0.0000,0.00,32765403
0,0.02,0.0000,0.00,32775401
0,0.02,0.0000,0.00,32785393
0,0.02,0.0000,0.00,32795387
0,0.02,0.0000,0.00,32805398
0,0.02,0.0000,0.00,32815405
0,0.02,0.0000,0.00,32825397
0,0.02,0.0000,0.00,32835408
0,0.02,0.0000,0.00,32845405
0,0.02,0.0000,0.00,32855406
0,0.02,0.0000,0.00,32865392
0,0.02,0.0000,0.00,32875397
0,0.02,0.0000,0.00,32885413
0,0.02,0.0000,0.00,32895405
0,0.02,0.0000,0.00,32905405
0,0.02,0.0000,0.00,32915405
0,0.02,0.0000,0.00,32925403
0,0.02,0.0000,0.00,32935394
0,0.02,0.0000,0.00,32945408
0,0.02,0.0000,0.00,32955407
0,0.02,0.0000,0.00,32965401
0,0.02,0.0000,0.00,32975402
0,0.02,0.0000,0.00,32985403
0,0.02,0.0000,0.00,32995395
0,0.02,0.0000,0.00,33005390
0,0.02,0.0000,0.00,33015405
0,0.02,0.0000,0.00,33025405
0,0.02,0.0000,0.00,33035402
0,0.02,0.0000,0.00,33045399
0,0.02,0.0000,0.00,33055399
0,0.02,0.0000,0.00,33065401
0,0.02,0.0000,0.00,33075406
0,0.02,0.0000,0.00,33085402
0,0.02,0.0000,0.00,33095411
0,0.02,0.0000,0.00,33105407
0,0.02,0.0000,0.00,33115407
0,0.02,0.0000,0.00,33125415
0,0.02,0.0000,0.00,33135407
0,0.02,0.0000,0.00,33145412
0,0.02,0.0000,0.00,33155401
0,0.02,0.0000,0.00,33165412
0,0.02,0.0000,0.00,33175407
0,0.02,0.0000,0.00,33185419
0,0.02,0.0000,0.00,33195418
0,0.02,0.0000,0.00,33205417
0,0.02,0.0000,0.00,33215403
0,0.02,0.0000,0.00,33225409
0,0.02,0.0000,0.00,33235408
0,0.02,0.0000,0.00,33245411
0,0.03,0.0000,0.00,33255410
0,0.03,0.0000,0.00,33265412
0,0.03,0.0000,0.00,33275404
0,0.03,0.0000,0.00,33285410
0,0.03,0.0000,0.00,33295417
0,0.03,0.0000,0.00,33305415
0,0.03,0.0000,0.00,33315404
0,0.03,0.0000,0.00,33325409
0,0.03,0.0000,0.00,33335411
0,0.02,0.0000,0.00,33345415
0,0.02,0.0000,0.00,33355421
0,0.02,0.0000,0.00,33365425
0,0.02,0.0000,0.00,33375407
0,0.02,0.0000,0.00,33385401
0,0.02,0.0000,0.00,33395420
0,0.02,0.0000,0.00,33405401
0,0.02,0.0000,0.00,33415419
0,0.02,0.0000,0.00,33425415
0,0.02,0.0000,0.00,33435399
0,0.02,0.0000,0.00,33445419
0,0.02,0.0000,0.00,33455403
0,0.02,0.0000,0.00,33465402
0,0.02,0.0000,0.00,33475402
0,0.02,0.0000,0.00,33485413
0,0.02,0.0000,0.00,33495402
0,0.02,0.0000,0.00,33505393
0,0.02,0.0000,0.00,33515399
0,0.02,0.0000,0.00,33525394
0,0.02,0.0000,0.00,33535398
0,0.02,0.0000,0.00,33545411
0,0.02,0.0000,0.00,33555392
0,0.02,0.0000,0.00,33565398
0,0.02,0.0000,0.00,33575396
0,0.02,0.0000,0.00,33585405
0,0.02,0.0000,0.00,33595400
0,0.02,0.0000,0.00,33605392
0,0.02,0.0000,0.00,33615408
0,0.02,0.0000,0.00,33625405
0,0.02,0.0000,0.00,33635412
0,0.02,0.0000,0.00,33645399
0,0.02,0.0000,0.00,33655400
0,0.02,0.0000,0.00,33665408
0,0.02,0.0000,0.00,33675413
0,0.02,0.0000,0.00,33685402
0,0.02,0.0000,0.00,33695396
0,0.03,0.0000,0.00,33705397
0,0.03,0.0000,0.00,33715393
0,0.03,0.0000,0.00,33725393
0,0.03,0.0000,0.00,33735395
0,0.02,0.0000,0.00,33745390
0,0.03,0.0000,0.00,33755393
0,0.02,0.0000,0.00,33765392
0,0.02,0.0000,0.00,33775396
0,0.02,0.0000,0.00,33785397
0,0.02,0.0000,0.00,33795396
0,0.02,0.0000,0.00,33805400
0,0.02,0.0000,0.00,33815400
0,0.02,0.0000,0.00,33825399
0,0.02,0.0000,0.00,33835401
0,0.02,0.0000,0.00,33845398
0,0.02,0.0000,0.00,33855395
0,0.02,0.0000,0.00,33865413
0,0.02,0.0000,0.00,33875396
0,0.02,0.0000,0.00,33885390
0,0.02,0.0000,0.00,33895393
0,0.02,0.0000,0.00,33905400
0,0.02,0.0000,0.00,33915407
0,0.02,0.0000,0.00,33925400
0,0.02,0.0000,0.00,33935393
0,0.02,0.0000,0.00,33945398
0,0.02,0.0000,0.00,33955407
0,0.02,0.0000,0.00,33965400
0,0.02,0.0000,0.00,33975397
0,0.02,0.0000,0.00,33985408
0,0.02,0.0000,0.00,33995398
0,0.02,0.0000,0.00,34005404
0,0.02,0.0000,0.00,34015398
0,0.02,0.0000,0.00,34025396
0,0.02,0.0000,0.00,34035400
0,0.02,0.0000,0.00,34045400
0,0.02,0.0000,0.00,34055393
0,0.02,0.0000,0.00,34065405
0,0.02,0.0000,0.00,34075397
0,0.02,0.0000,0.00,34085396
0,0.02,0.0000,0.00,34095399
0,0.02,0.0000,0.00,34105402
0,0.02,0.0000,0.00,34115399
0,0.02,0.0000,0.00,34125397
0,0.02,0.0000,0.00,34135409
0,0.02,0.0000,0.00,34145396
0,0.02,0.0000,0.00,34155401
0,0.02,0.0000,0.00,34165401
0,0.02,0.0000,0.00,34175411
0,0.02,0.0000,0.00,34185401
0,0.02,0.0000,0.00,34195392
0,0.02,0.0000,0.00,34205389
0,0.02,0.0000,0.00,34215407
0,0.02,0.0000,0.00,34225392
0,0.02,0.0000,0.00,34235392
0,0.02,0.0000,0.00,34245393
0,0.02,0.0000,0.00,34255395
0,0.02,0.0000,0.00,34265404
0,0.02,0.0000,0.00,34275394
0,0.02,0.0000,0.00,34285404
0,0.02,0.0000,0.00,34295400
0,0.02,0.0000,0.00,34305394
0,0.02,0.0000,0.00,34315399
0,0.02,0.0000,0.00,34325402
0,0.02,0.0000,0.00,34335392
0,0.02,0.0000,0.00,34345392
0,0.02,0.0000,0.00,34355390
0,0.02,0.0000,0.00,34365391
0,0.02,0.0000,0.00,34375404
0,0.02,0.0000,0.00,34385393
0,0.02,0.0000,0.00,34395394
0,0.02,0.0000,0.00,34405393
0,0.02,0.0000,0.00,34415398
0,0.02,0.0000,0.00,34425400
0,0.02,0.0000,0.00,34435397
0,0.02,0.0000,0.00,34445397
0,0.02,0.0000,0.00,34455403
0,0.02,0.0000,0.00,34465400
0,0.02,0.0000,0.00,34475402
0,0.02,0.0000,0.00,34485406
0,0.02,0.0000,0.00,34495398
0,0.02,0.0000,0.00,34505394
0,0.02,0.0000,0.00,34515390
0,0.02,0.0000,0.00,34525403
0,0.02,0.0000,0.00,34535393
0,0.02,0.0000,0.00,34545409
0,0.02,0.0000,0.00,34555397
0,0.02,0.0000,0.00,34565398
0,0.02,0.0000,0.00,34575400
0,0.02,0.0000,0.00,34585395
0,0.02,0.0000,0.00,34595397
0,0.02,0.0000,0.00,34605407
0,0.02,0.0000,0.00,34615399
0,0.02,0.0000,0.00,34625397
0,0.02,0.0000,0.00,34635413
0,0.02,0.0000,0.00,34645397
0,0.02,0.0000,0.00,34655406
0,0.02,0.0000,0.00,34665403
0,0.02,0.0000,0.00,34675408
0,0.02,0.0000,0.00,34685411
0,0.02,0.0000,0.00,34695403
0,0.02,0.0000,0.00,34705402
0,0.02,0.0000,0.00,34715413
0,0.02,0.0000,0.00,34725415
0,0.02,0.0000,0.00,34735404
0,0.02,0.0000,0.00,34745404
0,0.02,0.0000,0.00,34755409
0,0.02,0.0000,0.00,34765405
0,0.02,0.0000,0.00,34775405
0,0.02,0.0000,0.00,34785405
0,0.02,0.0000,0.00,34795399
0,0.02,0.0000,0.00,34805410
0,0.02,0.0000,0.00,34815402
0,0.02,0.0000,0.00,34825397
0,0.02,0.0000,0.00,34835406
0,0.02,0.0000,0.00,34845412
0,0.02,0.0000,0.00,34855398
0,0.02,0.0000,0.00,34865398
0,0.02,0.0000,0.00,34875404
0,0.02,0.0000,0.00,34885415
0,0.02,0.0000,0.00,34895404
0,0.02,0.0000,0.00,34905407
0,0.02,0.0000,0.00,34915415
0,0.02,0.0000,0.00,34925421
0,0.02,0.0000,0.00,34935409
0,0.02,0.0000,0.00,34945410
0,0.02,0.0000,0.00,34955401
0,0.02,0.0000,0.00,34965409
0,0.02,0.0000,0.00,34975413
0,0.02,0.0000,0.00,34985417
0,0.02,0.0000,0.00,34995409
0,0.02,0.0000,0.00,35005407
0,0.02,0.0000,0.00,35015398
0,0.02,0.0000,0.00,35025407
0,0.02,0.0000,0.00,35035402
0,0.02,0.0000,0.00,35045418
0,0.02,0.0000,0.00,35055406
0,0.02,0.0000,0.00,35065406
0,0.02,0.0000,0.00,35075405
0,0.02,0.0000,0.00,35085403
0,0.02,0.0000,0.00,35095408
0,0.02,0.0000,0.00,35105417
0,0.02,0.0000,0.00,35115400
0,0.02,0.0000,0.00,35125413
0,0.02,0.0000,0.00,35135407
0,0.02,0.0000,0.00,35145410
0,0.02,0.0000,0.00,35155406
0,0.02,0.0000,0.00,35165410
0,0.02,0.0000,0.00,35175402
0,0.02,0.0000,0.00,35185423
0,0.02,0.0000,0.00,35195406
0,0.02,0.0000,0.00,35205420
0,0.02,0.0000,0.00,35215409
0,0.02,0.0000,0.00,35225390
0,0.02,0.0000,0.00,35235399
0,0.02,0.0000,0.00,35245416
0,0.02,0.0000,0.00,35255404
0,0.02,0.0000,0.00,35265402
0,0.02,0.0000,0.00,35275398
0,0.02,0.0000,0.00,35285395
0,0.02,0.0000,0.00,35295394
0,0.02,0.0000,0.00,35305395
0,0.02,0.0000,0.00,35315400
0,0.02,0.0000,0.00,35325393
0,0.02,0.0000,0.00,35335396
0,0.01,0.0000,0.00,35345402
0,0.01,0.0000,0.00,35355410
0,0.01,0.0000,0.00,35365395
0,0.01,0.0000,0.00,35375400
0,0.01,0.0000,0.00,35385407
0,0.02,0.0000,0.00,35395402
0,0.01,0.0000,0.00,35405404
0,0.02,0.0000,0.00,35415394
0,0.02,0.0000,0.00,35425394
0,0.02,0.0000,0.00,35435400
0,0.02,0.0000,0.00,35445404
0,0.02,0.0000,0.00,35455395
0,0.02,0.0000,0.00,35465389
0,0.02,0.0000,0.00,35475396
0,0.02,0.0000,0.00,35485393
0,0.02,0.0000,0.00,35495399
0,0.02,0.0000,0.00,35505396
0,0.02,0.0000,0.00,35515398
0,0.02,0.0000,0.00,35525408
0,0.02,0.0000,0.00,35535403
0,0.02,0.0000,0.00,35545397
0,0.02,0.0000,0.00,35555397
0,0.02,0.0000,0.00,35565399
0,0.02,0.0000,0.00,35575391
0,0.02,0.0000,0.00,35585396
0,0.02,0.0000,0.00,35595404
0,0.03,0.0000,0.00,35605403
0,0.02,0.0000,0.00,35615403
0,0.02,0.0000,0.00,35625398
0,0.02,0.0000,0.00,35635400
0,0.02,0.0000,0.00,35645396
0,0.02,0.0000,0.00,35655397
0,0.02,0.0000,0.00,35665407
0,0.02,0.0000,0.00,35675400
0,0.02,0.0000,0.00,35685403
0,0.02,0.0000,0.00,35695399
0,0.02,0.0000,0.00,35705405
0,0.02,0.0000,0.00,35715396
0,0.02,0.0000,0.00,35725399
0,0.02,0.0000,0.00,35735390
0,0.02,0.0000,0.00,35745392
0,0.02,0.0000,0.00,35755388
0,0.02,0.0000,0.00,35765392
0,0.02,0.0000,0.00,35775403
0,0.02,0.0000,0.00,35785403
0,0.02,0.0000,0.00,35795397
0,0.02,0.0000,0.00,35805401
0,0.02,0.0000,0.00,35815409
0,0.02,0.0000,0.00,35825405
0,0.02,0.0000,0.00,35835391
0,0.02,0.0000,0.00,35845409
0,0.02,0.0000,0.00,35855400
0,0.02,0.0000,0.00,35865407
0,0.02,0.0000,0.00,35875394
0,0.02,0.0000,0.00,35885393
0,0.02,0.0000,0.00,35895403
0,0.02,0.0000,0.00,35905404
0,0.02,0.0000,0.00,35915392
0,0.02,0.0000,0.00,35925404
0,0.02,0.0000,0.00,35935398
0,0.02,0.0000,0.00,35945394
0,0.02,0.0000,0.00,35955403
0,0.02,0.0000,0.00,35965394
0,0.02,0.0000,0.00,35975397
0,0.02,0.0000,0.00,35985404
0,0.02,0.0000,0.00,35995392
0,0.02,0.0000,0.00,36005412
0,0.02,0.0000,0.00,36015403
0,0.02,0.0000,0.00,36025400
0,0.02,0.0000,0.00,36035397
0,0.02,0.0000,0.00,36045403
0,0.02,0.0000,0.00,36055393
0,0.02,0.0000,0.00,36065405
0,0.02,0.0000,0.00,36075393
0,0.02,0.0000,0.00,36085396
0,0.02,0.0000,0.00,36095397
0,0.02,0.0000,0.00,36105409
0,0.02,0.0000,0.00,36115396
0,0.02,0.0000,0.00,36125406
0,0.02,0.0000,0.00,36135406
0,0.02,0.0000,0.00,36145408
0,0.02,0.0000,0.00,36155410
0,0.02,0.0000,0.00,36165404
0,0.02,0.0000,0.00,36175406
0,0.02,0.0000,0.00,36185400
0,0.02,0.0000,0.00,36195394
0,0.02,0.0000,0.00,36205395
0,0.02,0.0000,0.00,36215392
0,0.02,0.0000,0.00,36225399
0,0.02,0.0000,0.00,36235406
0,0.02,0.0000,0.00,36245407
0,0.02,0.0000,0.00,36255400
0,0.02,0.0000,0.00,36265402
0,0.02,0.0000,0.00,36275405
0,0.02,0.4303,15.00,36285475
0,0.02,0.4453,15.00,36295402
0,0.02,0.4602,15.00,36305417
0,0.02,0.4752,15.00,36315396
0,2.73,0.4090,15.00,36325400
0,2.73,0.4213,15.00,36335407
0,2.73,0.4335,15.00,36345407
0,6.27,0.3395,15.00,36355399
0,6.27,0.3482,15.00,36365401
0,6.27,0.3569,15.00,36375400
0,6.27,0.3657,15.00,36385406
0,6.27,0.3744,15.00,36395403
0,6.27,0.3831,15.00,36405408
0,11.56,0.2332,15.00,36415413
0,11.56,0.2367,15.00,36425411
0,11.56,0.2401,15.00,36435407
0,11.56,0.2436,15.00,36445417
0,11.56,0.2470,15.00,36455411
0,11.56,0.2504,15.00,36465411
0,11.85,0.2452,15.00,36475403
0,11.85,0.2483,15.00,36485401
0,11.85,0.2515,15.00,36495407
0,11.87,0.2542,15.00,36505414
0,11.88,0.2568,15.00,36515399
0,11.88,0.2600,15.00,36525415
0,11.88,0.2631,15.00,36535413
0,11.94,0.2643,15.00,36545415
0,11.94,0.2674,15.00,36555417
0,11.97,0.2695,15.00,36565417
0,12.00,0.2716,15.00,36575401
0,12.04,0.2737,15.00,36585418
0,12.13,0.2738,15.00,36595419
0,12.21,0.2743,15.00,36605426
0,12.27,0.2752,15.00,36615415
0,12.40,0.2742,15.00,36625426
0,12.43,0.2758,15.00,36635414
0,12.53,0.2755,15.00,36645424
0,12.65,0.2741,15.00,36655409
0,12.70,0.2750,15.00,36665412
0,12.82,0.2739,15.00,36675409
0,12.88,0.2741,15.00,36685403
0,13.00,0.2728,15.00,36695409
0,13.06,0.2728,15.00,36705422
0,13.06,0.2747,15.00,36715409
0,13.08,0.2761,15.00,36725408
0,13.20,0.2746,15.00,36735409
0,13.20,0.2764,15.00,36745416
0,13.21,0.2777,15.00,36755411
0,13.21,0.2795,15.00,36765419
0,13.23,0.2808,15.00,36775414
0,13.25,0.2820,15.00,36785411
0,13.30,0.2823,15.00,36795416
0,13.35,0.2825,15.00,36805418
0,13.36,0.2836,15.00,36815407
0,13.38,0.2847,15.00,36825411
0,13.47,0.2838,15.00,36835423
0,13.47,0.2854,15.00,36845412
0,13.48,0.2864,15.00,36855407
0,13.57,0.2854,15.00,36865427
0,13.62,0.2853,15.00,36875411
0,13.65,0.2856,15.00,36885424
0,13.67,0.2864,15.00,36895424
0,13.74,0.2857,15.00,36905420
0,13.79,0.2854,15.00,36915412
0,13.79,0.2866,15.00,36925417
0,13.81,0.2873,15.00,36935413
0,13.84,0.2875,15.00,36945415
0,13.88,0.2876,15.00,36955416
0,13.93,0.2872,15.00,36965407
0,13.95,0.2877,15.00,36975409
0,13.95,0.2888,15.00,36985417
0,13.96,0.2893,15.00,36995396
0,13.98,0.2898,15.00,37005404
0,14.02,0.2898,15.00,37015405
0,14.02,0.2908,15.00,37025415
0,14.02,0.2918,15.00,37035408
0,14.03,0.2922,15.00,37045412
0,14.05,0.2927,15.00,37055409
0,14.07,0.2931,15.00,37065410
0,14.07,0.2940,15.00,37075402
0,14.16,0.2923,15.00,37085403
0,14.16,0.2932,15.00,37095407
0,14.21,0.2924,15.00,37105414
0,14.23,0.2927,15.00,37115401
0,14.28,0.2919,15.00,37125412
0,14.31,0.2915,15.00,37135401
0,14.33,0.2917,15.00,37145405
0,14.35,0.2918,15.00,37155414
0,14.35,0.2925,15.00,37165399
0,14.35,0.2931,15.00,37175403
0,14.35,0.2938,15.00,37185407
0,14.35,0.2944,15.00,37195410
0,14.37,0.2945,15.00,37205409
0,14.37,0.2951,15.00,37215413
0,14.40,0.2947,15.00,37225402
0,14.40,0.2953,15.00,37235403
0,14.42,0.2954,15.00,37245406
0,14.44,0.2954,15.00,37255416
0,14.44,0.2960,15.00,37265407
0,14.44,0.2965,15.00,37275406
0,14.46,0.2966,15.00,37285410
0,14.46,0.2971,15.00,37295417
0,14.46,0.2976,15.00,37305408
0,14.48,0.2977,15.00,37315407
0,14.51,0.2971,15.00,37325408
0,14.51,0.2976,15.00,37335418
0,14.55,0.2970,15.00,37345414
0,14.55,0.2975,15.00,37355405
0,14.56,0.2974,15.00,37365404
0,14.58,0.2973,15.00,37375404
0,14.62,0.2966,15.00,37385404
0,14.62,0.2970,15.00,37395415
0,14.62,0.2974,15.00,37405406
0,14.64,0.2972,15.00,37415408
0,14.64,0.2976,15.00,37425407
0,14.64,0.2979,15.00,37435402
0,14.64,0.2983,15.00,37445404
0,14.64,0.2987,15.00,37455404
0,14.66,0.2985,15.00,37465403
0,14.66,0.2988,15.00,37475419
0,14.69,0.2981,15.00,37485415
0,14.71,0.2978,15.00,37495408
0,14.69,0.2987,15.00,37505408
0,14.71,0.2984,15.00,37515410
0,14.71,0.2987,15.00,37525413
0,14.73,0.2985,15.00,37535416
0,14.73,0.2988,15.00,37545401
0,14.73,0.2990,15.00,37555411
0,14.73,0.2993,15.00,37565404
0,14.73,0.2996,15.00,37575408
0,14.75,0.2993,15.00,37585409
0,14.75,0.2996,15.00,37595414
0,14.75,0.2998,15.00,37605408
0,14.75,0.3001,15.00,37615407
0,14.75,0.3003,15.00,37625408
0,14.75,0.3006,15.00,37635406
0,14.76,0.3003,15.00,37645409
0,14.76,0.3005,15.00,37655407
0,14.78,0.3002,15.00,37665408
0,14.78,0.3004,15.00,37675406
0,14.78,0.3006,15.00,37685409
0,14.80,0.3003,15.00,37695406
0,14.80,0.3005,15.00,37705408
0,14.82,0.3002,15.00,37715403
0,14.84,0.2998,15.00,37725400
0,14.84,0.3000,15.00,37735406
0,14.84,0.3001,15.00,37745399
0,14.84,0.3003,15.00,37755404
0,14.84,0.3005,15.00,37765398
0,14.84,0.3006,15.00,37775404
0,14.84,0.3008,15.00,37785409
0,14.84,0.3009,15.00,37795413
0,14.85,0.3006,15.00,37805418
0,14.85,0.3007,15.00,37815404
0,14.85,0.3009,15.00,37825402
0,14.85,0.3010,15.00,37835403
0,14.87,0.3006,15.00,37845410
0,14.87,0.3007,15.00,37855406
0,14.89,0.3003,15.00,37865406
0,14.91,0.2999,15.00,37875407
0,14.91,0.3000,15.00,37885400
0,14.91,0.3000,15.00,37895411
0,14.89,0.3007,15.00,37905407
0,14.87,0.3013,15.00,37915416
0,14.87,0.3015,15.00,37925417
0,14.85,0.3021,15.00,37935410
0,14.85,0.3023,15.00,37945413
0,14.85,0.3024,15.00,37955417
0,14.85,0.3026,15.00,37965403
0,14.85,0.3027,15.00,37975406
0,14.85,0.3029,15.00,37985403
0,14.85,0.3030,15.00,37995407
0,14.87,0.3026,15.00,38005405
0,14.89,0.3022,15.00,38015407
0,14.89,0.3023,15.00,38025412
0,14.91,0.3019,15.00,38035404
0,14.93,0.3014,15.00,38045408
0,14.93,0.3015,15.00,38055410
0,14.93,0.3015,15.00,38065408
0,14.93,0.3016,15.00,38075404
0,14.93,0.3017,15.00,38085416
0,14.95,0.3012,15.00,38095408
0,14.93,0.3018,15.00,38105411
0,14.93,0.3019,15.00,38115406
0,14.95,0.3014,15.00,38125410
0,14.95,0.3015,15.00,38135411
0,14.93,0.3021,15.00,38145405
0,14.93,0.3021,15.00,38155418
0,14.93,0.3022,15.00,38165406
0,14.93,0.3023,15.00,38175414
0,14.93,0.3023,15.00,38185417
0,14.93,0.3024,15.00,38195413
0,14.93,0.3025,15.00,38205419
0,14.95,0.3020,15.00,38215412
0,14.96,0.3015,15.00,38225414
0,14.96,0.3016,15.00,38235406
0,14.96,0.3016,15.00,38245406
0,14.96,0.3016,15.00,38255413
0,14.96,0.3017,15.00,38265406
0,14.96,0.3017,15.00,38275408
0,14.96,0.3017,15.00,38285405
0,14.96,0.3018,15.00,38295413
0,14.96,0.3018,15.00,38305415
0,14.96,0.3018,15.00,38315413
0,14.96,0.3019,15.00,38325418
0,14.96,0.3019,15.00,38335412
0,14.96,0.3019,15.00,38345423
0,14.96,0.3020,15.00,38355429
0,14.96,0.3020,15.00,38365421
0,14.96,0.3020,15.00,38375413
0,14.96,0.3021,15.00,38385421
0,14.96,0.3021,15.00,38395424
0,14.96,0.3022,15.00,38405421
0,14.96,0.3022,15.00,38415414
0,14.96,0.3022,15.00,38425424
0,14.96,0.3023,15.00,38435415
0,14.96,0.3023,15.00,38445416
0,14.96,0.3023,15.00,38455412
0,14.96,0.3024,15.00,38465423
0,14.96,0.3024,15.00,38475407
0,14.96,0.3024,15.00,38485421
0,14.96,0.3025,15.00,38495427
0,14.96,0.3025,15.00,38505431
0,14.96,0.3025,15.00,38515412
0,14.96,0.3026,15.00,38525422
0,14.96,0.3026,15.00,38535432
0,14.96,0.3026,15.00,38545416
0,14.96,0.3027,15.00,38555422
0,14.96,0.3027,15.00,38565424
0,14.96,0.3028,15.00,38575421
0,14.96,0.3028,15.00,38585417
0,14.96,0.3028,15.00,38595419
0,14.96,0.3029,15.00,38605421
0,14.96,0.3029,15.00,38615421
0,14.96,0.3029,15.00,38625424
0,14.96,0.3030,15.00,38635424
0,14.96,0.3030,15.00,38645427
0,14.96,0.3030,15.00,38655423
0,14.96,0.3031,15.00,38665431
0,14.96,0.3031,15.00,38675421
0,14.96,0.3031,15.00,38685416
0,14.96,0.3032,15.00,38695422
0,14.96,0.3032,15.00,38705423
0,14.96,0.3032,15.00,38715408
0,14.96,0.3033,15.00,38725416
0,14.96,0.3033,15.00,38735424
0,14.96,0.3034,15.00,38745418
0,14.96,0.3034,15.00,38755413
0,14.96,0.3034,15.00,38765418
0,14.96,0.3035,15.00,38775422
0,14.96,0.3035,15.00,38785417
0,14.96,0.3035,15.00,38795422
0,14.96,0.3036,15.00,38805412
0,14.96,0.3036,15.00,38815409
0,14.96,0.3036,15.00,38825415
0,14.96,0.3037,15.00,38835404
0,14.96,0.3037,15.00,38845413
0,14.96,0.3037,15.00,38855408
0,14.96,0.3038,15.00,38865408
0,14.96,0.3038,15.00,38875411
0,14.96,0.3038,15.00,38885407
0,14.96,0.3039,15.00,38895409
0,14.96,0.3039,15.00,38905415
0,14.96,0.3040,15.00,38915413
0,14.96,0.3040,15.00,38925426
0,14.96,0.3040,15.00,38935410
0,14.96,0.3041,15.00,38945412
0,14.96,0.3041,15.00,38955412
0,14.96,0.3041,15.00,38965403
0,14.96,0.3042,15.00,38975413
0,14.96,0.3042,15.00,38985425
0,14.96,0.3042,15.00,38995431
0,14.96,0.3043,15.00,39005411
0,14.96,0.3043,15.00,39015410
0,14.96,0.3043,15.00,39025412
0,14.96,0.3044,15.00,39035412
0,14.96,0.3044,15.00,39045407
0,14.96,0.3044,15.00,39055424
0,14.96,0.3045,15.00,39065419
0,14.96,0.3045,15.00,39075416
0,14.96,0.3046,15.00,39085417
0,14.96,0.3046,15.00,39095411
0,14.96,0.3046,15.00,39105422
0,14.96,0.3047,15.00,39115406
0,14.96,0.3047,15.00,39125403
0,14.96,0.3047,15.00,39135410
0,14.96,0.3048,15.00,39145413
0,14.96,0.3048,15.00,39155409
0,14.96,0.3048,15.00,39165409
0,14.96,0.3049,15.00,39175407
0,14.96,0.3049,15.00,39185411
0,14.96,0.3049,15.00,39195409
0,14.96,0.3050,15.00,39205418
0,14.96,0.3050,15.00,39215409
0,14.96,0.3050,15.00,39225413
0,14.96,0.3051,15.00,39235405
0,14.96,0.3051,15.00,39245407
0,14.96,0.3052,15.00,39255398
0,14.96,0.3052,15.00,39265411
0,14.96,0.3052,15.00,39275415
0,14.98,0.3047,15.00,39285407
0,14.98,0.3047,15.00,39295407
0,14.98,0.3047,15.00,39305422
0,14.98,0.3048,15.00,39315409
0,14.98,0.3048,15.00,39325403
0,14.98,0.3048,15.00,39335396
0,14.98,0.3048,15.00,39345406
0,14.98,0.3048,15.00,39355410
0,14.98,0.3048,15.00,39365408
0,14.98,0.3049,15.00,39375410
0,14.98,0.3049,15.00,39385411
0,14.98,0.3049,15.00,39395412
0,14.98,0.3049,15.00,39405413
0,14.98,0.3049,15.00,39415415
0,14.98,0.3049,15.00,39425421
0,14.98,0.3050,15.00,39435410
0,14.98,0.3050,15.00,39445396
0,14.96,0.3055,15.00,39455405
0,14.96,0.3056,15.00,39465411
0,14.96,0.3056,15.00,39475411
0,14.98,0.3051,15.00,39485409
0,14.98,0.3051,15.00,39495410
0,14.98,0.3051,15.00,39505414
0,15.00,0.3046,15.00,39515408
0,15.00,0.3046,15.00,39525416
0,15.00,0.3046,15.00,39535406
0,15.00,0.3046,15.00,39545413
0,15.00,0.3046,15.00,39555417
0,15.00,0.3046,15.00,39565414
0,14.98,0.3051,15.00,39575397
0,14.98,0.3052,15.00,39585415
0,14.98,0.3052,15.00,39595409
0,14.98,0.3052,15.00,39605406
0,14.98,0.3052,15.00,39615396
0,14.98,0.3052,15.00,39625406
0,14.98,0.3052,15.00,39635428
0,14.96,0.3058,15.00,39645411
0,14.98,0.3053,15.00,39655415
0,14.98,0.3053,15.00,39665409
0,14.98,0.3053,15.00,39675408
0,14.98,0.3053,15.00,39685398
0,14.98,0.3054,15.00,39695409
0,14.98,0.3054,15.00,39705406
0,14.96,0.3059,15.00,39715410
0,14.96,0.3060,15.00,39725415
0,14.96,0.3060,15.00,39735402
0,14.96,0.3061,15.00,39745403
0,14.98,0.3055,15.00,39755417
0,14.98,0.3056,15.00,39765397
0,14.98,0.3056,15.00,39775407
0,14.98,0.3056,15.00,39785412
0,14.98,0.3056,15.00,39795411
0,15.00,0.3051,15.00,39805410
0,15.00,0.3051,15.00,39815394
0,15.02,0.3045,15.00,39825414
0,15.00,0.3050,15.00,39835414
0,15.00,0.3050,15.00,39845415
0,15.00,0.3050,15.00,39855413
0,15.00,0.3050,15.00,39865411
0,15.00,0.3050,15.00,39875407
0,15.00,0.3050,15.00,39885409
0,15.00,0.3050,15.00,39895403
0,15.00,0.3050,15.00,39905407
0,14.98,0.3056,15.00,39915398
0,14.98,0.3056,15.00,39925401
0,14.98,0.3056,15.00,39935409
0,14.98,0.3056,15.00,39945415
0,14.98,0.3057,15.00,39955407
0,14.98,0.3057,15.00,39965412
0,14.98,0.3057,15.00,39975413
0,15.00,0.3052,15.00,39985419
0,15.00,0.3052,15.00,39995415
0,15.00,0.3052,15.00,40005415
0,15.00,0.3052,15.00,40015416
0,15.00,0.3052,15.00,40025400
0,15.00,0.3051,15.00,40035415
0,15.00,0.3051,15.00,40045409
0,15.00,0.3051,15.00,40055416
0,15.00,0.3051,15.00,40065420
0,15.00,0.3051,15.00,40075418
0,15.00,0.3051,15.00,40085424
0,15.00,0.3051,15.00,40095418
0,15.00,0.3051,15.00,40105424
0,15.00,0.3051,15.00,40115416
0,15.00,0.3051,15.00,40125418
0,15.00,0.3051,15.00,40135416
0,15.00,0.3051,15.00,40145420
0,15.00,0.3051,15.00,40155424
0,14.98,0.3057,15.00,40165424
0,14.98,0.3057,15.00,40175414
0,14.98,0.3057,15.00,40185413
0,14.98,0.3057,15.00,40195418
0,14.98,0.3057,15.00,40205412
0,14.98,0.3058,15.00,40215417
0,14.98,0.3058,15.00,40225420
0,14.98,0.3058,15.00,40235417
0,15.00,0.3053,15.00,40245438
0,15.00,0.3053,15.00,40255424
0,15.00,0.3053,15.00,40265418
0,15.00,0.3053,15.00,40275423
0,15.00,0.3053,15.00,40285422
0,15.02,0.3047,15.00,40295422
0,15.02,0.3047,15.00,40305419
0,15.00,0.3052,15.00,40315418
0,15.00,0.3052,15.00,40325421
0,15.02,0.3047,15.00,40335421
0,15.00,0.3052,15.00,40345423
0,15.00,0.3052,15.00,40355425
0,15.00,0.3052,15.00,40365425
0,15.00,0.3052,15.00,40375416
0,15.00,0.3052,15.00,40385421
0,15.00,0.3052,15.00,40395427
0,14.98,0.3057,15.00,40405424
0,14.98,0.3058,15.00,40415423
0,14.98,0.3058,15.00,40425418
0,15.00,0.3052,15.00,40435424
0,15.00,0.3052,15.00,40445421
0,15.00,0.3052,15.00,40455421
0,15.00,0.3052,15.00,40465420
0,15.00,0.3052,15.00,40475422
0,15.00,0.3052,15.00,40485414
0,15.00,0.3052,15.00,40495425
0,15.00,0.3052,15.00,40505411
0,15.00,0.3052,15.00,40515421
0,15.00,0.3052,15.00,40525422
0,15.00,0.3052,15.00,40535431
0,15.00,0.3052,15.00,40545421
0,15.00,0.3052,15.00,40555404
0,15.00,0.3052,15.00,40565412
0,15.00,0.3052,15.00,40575398
0,14.98,0.3058,15.00,40585417
0,14.98,0.3058,15.00,40595423
0,14.98,0.3058,15.00,40605405
0,14.98,0.3058,15.00,40615412
0,14.98,0.3058,15.00,40625406
0,14.98,0.3059,15.00,40635410
0,14.98,0.3059,15.00,40645405
0,14.98,0.3059,15.00,40655395
0,14.98,0.3059,15.00,40665413
0,14.98,0.3059,15.00,40675399
0,15.00,0.3054,15.00,40685404
0,15.00,0.3054,15.00,40695397
0,15.02,0.3048,15.00,40705399
0,15.02,0.3048,15.00,40715398
0,15.02,0.3048,15.00,40725407
0,15.02,0.3048,15.00,40735409
0,15.02,0.3047,15.00,40745402
0,15.02,0.3047,15.00,40755400
0,15.02,0.3047,15.00,40765414
0,15.02,0.3047,15.00,40775395
0,15.02,0.3047,15.00,40785408
0,15.02,0.3046,15.00,40795413
0,15.02,0.3046,15.00,40805406
0,15.02,0.3046,15.00,40815408
0,15.00,0.3051,15.00,40825410
0,15.00,0.3051,15.00,40835402
0,15.00,0.3051,15.00,40845411
0,15.00,0.3051,15.00,40855410
0,15.00,0.3051,15.00,40865410
0,15.00,0.3051,15.00,40875405
0,15.00,0.3051,15.00,40885412
0,15.00,0.3051,15.00,40895398
0,14.98,0.3057,15.00,40905415
0,14.96,0.3062,15.00,40915411
0,14.98,0.3057,15.00,40925411
0,15.00,0.3052,15.00,40935397
0,14.98,0.3057,15.00,40945411
0,15.00,0.3052,15.00,40955417
0,15.00,0.3052,15.00,40965415
0,14.98,0.3058,15.00,40975399
0,14.98,0.3058,15.00,40985409
0,15.00,0.3052,15.00,40995415
0,15.00,0.3052,15.00,41005410
0,15.00,0.3052,15.00,41015399
0,15.00,0.3052,15.00,41025412
0,15.00,0.3052,15.00,41035408
0,15.00,0.3052,15.00,41045395
0,15.00,0.3052,15.00,41055404
0,15.00,0.3052,15.00,41065400
0,15.02,0.3047,15.00,41075410
0,15.02,0.3047,15.00,41085413
0,15.02,0.3046,15.00,41095412
0,15.02,0.3046,15.00,41105419
0,15.02,0.3046,15.00,41115397
0,15.02,0.3046,15.00,41125410
0,15.02,0.3046,15.00,41135410
0,15.02,0.3045,15.00,41145410
0,15.02,0.3045,15.00,41155416
0,15.02,0.3045,15.00,41165413
0,15.02,0.3045,15.00,41175409
0,15.00,0.3050,15.00,41185409
0,15.00,0.3050,15.00,41195397
0,14.96,0.3061,15.00,41205417
0,14.96,0.3061,15.00,41215406
0,14.96,0.3062,15.00,41225406
0,14.96,0.3062,15.00,41235410
0,14.96,0.3063,15.00,41245399
0,14.96,0.3063,15.00,41255415
0,14.96,0.3063,15.00,41265411
0,14.96,0.3064,15.00,41275409
0,15.00,0.3053,15.00,41285406
0,15.00,0.3053,15.00,41295407
0,15.00,0.3053,15.00,41305403
0,15.00,0.3053,15.00,41315409
0,15.00,0.3053,15.00,41325412
0,15.00,0.3053,15.00,41335399
0,15.00,0.3053,15.00,41345406
0,15.00,0.3053,15.00,41355399
0,15.00,0.3053,15.00,41365409
0,15.00,0.3053,15.00,41375405
0,15.00,0.3053,15.00,41385406
0,15.00,0.3053,15.00,41395401
0,15.00,0.3053,15.00,41405408
0,15.00,0.3053,15.00,41415416
0,15.00,0.3053,15.00,41425405
0,15.00,0.3053,15.00,41435410
0,15.00,0.3053,15.00,41445411
0,15.00,0.3053,15.00,41455406
0,15.00,0.3053,15.00,41465406
0,15.00,0.3053,15.00,41475412
0,15.00,0.3053,15.00,41485411
0,15.00,0.3053,15.00,41495410
0,15.00,0.3053,15.00,41505405
0,15.00,0.3053,15.00,41515407
0,15.00,0.3053,15.00,41525409
0,15.00,0.3053,15.00,41535396
0,15.00,0.3053,15.00,41545408
0,15.02,0.3047,15.00,41555410
0,15.00,0.3052,15.00,41565401
0,15.00,0.3052,15.00,41575414
0,15.02,0.3047,15.00,41585407
0,15.02,0.3047,15.00,41595404
0,15.00,0.3052,15.00,41605410
0,15.00,0.3052,15.00,41615399
0,15.02,0.3046,15.00,41625404
0,15.02,0.3046,15.00,41635414
0,15.00,0.3051,15.00,41645408
0,15.00,0.3051,15.00,41655411
0,15.00,0.3051,15.00,41665414
0,15.00,0.3051,15.00,41675399
0,14.98,0.3057,15.00,41685408
0,14.98,0.3057,15.00,41695411
0,14.98,0.3057,15.00,41705402
0,15.00,0.3052,15.00,41715417
0,15.02,0.3046,15.00,41725421
0,15.00,0.3052,15.00,41735424
0,15.00,0.3052,15.00,41745404
0,15.02,0.3046,15.00,41755420
0,15.00,0.3051,15.00,41765404
0,15.00,0.3051,15.00,41775411
0,15.00,0.3051,15.00,41785411
0,15.00,0.3051,15.00,41795416
0,15.00,0.3051,15.00,41805403
0,15.00,0.3051,15.00,41815419
0,15.00,0.3051,15.00,41825411
0,15.00,0.3051,15.00,41835409
0,15.00,0.3051,15.00,41845420
0,15.00,0.3051,15.00,41855407
0,15.00,0.3051,15.00,41865418
0,15.00,0.3051,15.00,41875409
0,14.98,0.3057,15.00,41885418
0,14.98,0.3057,15.00,41895420
0,14.98,0.3057,15.00,41905415
0,15.00,0.3052,15.00,41915423
0,15.00,0.3052,15.00,41925422
0,15.00,0.3052,15.00,41935409
0,15.00,0.3052,15.00,41945424
0,15.00,0.3052,15.00,41955405
0,15.00,0.3052,15.00,41965409
0,14.98,0.3057,15.00,41975420
0,15.00,0.3052,15.00,41985411
0,15.00,0.3052,15.00,41995421
0,15.00,0.3052,15.00,42005420
0,15.00,0.3052,15.00,42015416
0,15.00,0.3052,15.00,42025427
0,15.00,0.3052,15.00,42035421
0,15.00,0.3052,15.00,42045419
0,15.00,0.3052,15.00,42055422
0,15.00,0.3052,15.00,42065408
0,15.00,0.3052,15.00,42075424
0,15.00,0.3052,15.00,42085418
0,15.00,0.3052,15.00,42095406
0,15.00,0.3052,15.00,42105424
0,15.00,0.3052,15.00,42115410
0,15.00,0.3052,15.00,42125424
0,15.00,0.3052,15.00,42135419
0,15.00,0.3052,15.00,42145422
0,15.00,0.3052,15.00,42155423
0,15.00,0.3052,15.00,42165414
0,15.00,0.3052,15.00,42175409
0,15.00,0.3052,15.00,42185416
0,14.98,0.3057,15.00,42195412
0,14.98,0.3057,15.00,42205419
0,14.98,0.3057,15.00,42215423
0,14.98,0.3058,15.00,42225426
0,14.98,0.3058,15.00,42235420
0,14.98,0.3058,15.00,42245423
0,14.98,0.3058,15.00,42255424
0,14.98,0.3058,15.00,42265417
0,14.98,0.3058,15.00,42275411
0,14.98,0.3059,15.00,42285428
0,15.04,0.3042,15.00,42295426
0,15.04,0.3042,15.00,42305434
0,15.04,0.3041,15.00,42315408
0,15.04,0.3041,15.00,42325415
0,15.04,0.3041,15.00,42335400
0,15.04,0.3040,15.00,42345405
0,15.04,0.3040,15.00,42355407
0,15.02,0.3045,15.00,42365420
0,15.02,0.3045,15.00,42375404
0,15.02,0.3045,15.00,42385404
0,15.02,0.3044,15.00,42395406
0,15.00,0.3050,15.00,42405399
0,14.98,0.3055,15.00,42415403
0,14.98,0.3055,15.00,42425411
0,14.98,0.3056,15.00,42435411
0,14.98,0.3056,15.00,42445401
0,14.96,0.3061,15.00,42455417
0,14.96,0.3062,15.00,42465409
0,14.96,0.3062,15.00,42475407
0,14.96,0.3063,15.00,42485407
0,14.98,0.3057,15.00,42495415
0,14.98,0.3058,15.00,42505405
0,15.00,0.3052,15.00,42515401
0,15.02,0.3047,15.00,42525416
0,15.02,0.3046,15.00,42535414
0,15.02,0.3046,15.00,42545407
0,15.02,0.3046,15.00,42555409
0,15.02,0.3046,15.00,42565415
0,15.02,0.3046,15.00,42575409
0,15.02,0.3045,15.00,42585408
0,15.02,0.3045,15.00,42595406
0,15.02,0.3045,15.00,42605425
0,15.02,0.3045,15.00,42615405
0,15.02,0.3045,15.00,42625417
0,15.00,0.3050,15.00,42635407
0,15.00,0.3050,15.00,42645421
0,15.00,0.3050,15.00,42655416
0,15.00,0.3050,15.00,42665406
0,15.00,0.3050,15.00,42675404
0,15.00,0.3050,15.00,42685414
0,15.00,0.3050,15.00,42695402
0,15.00,0.3050,15.00,42705403
0,15.00,0.3050,15.00,42715420
0,15.00,0.3050,15.00,42725413
0,15.00,0.3050,15.00,42735416
0,14.98,0.3055,15.00,42745405
0,15.00,0.3050,15.00,42755405
0,15.00,0.3050,15.00,42765402
0,15.00,0.3050,15.00,42775420
0,15.00,0.3050,15.00,42785409
0,14.98,0.3055,15.00,42795425
0,14.98,0.3056,15.00,42805410
0,14.98,0.3056,15.00,42815406
0,14.98,0.3056,15.00,42825397
0,14.98,0.3056,15.00,42835411
0,14.98,0.3056,15.00,42845408
0,15.00,0.3051,15.00,42855405
0,14.98,0.3056,15.00,42865399
0,15.00,0.3051,15.00,42875408
0,15.00,0.3051,15.00,42885407
0,15.02,0.3046,15.00,42895407
0,15.02,0.3045,15.00,42905411
0,15.00,0.3051,15.00,42915405
0,15.00,0.3051,15.00,42925405
0,14.98,0.3056,15.00,42935415
0,14.98,0.3056,15.00,42945402
0,14.98,0.3057,15.00,42955410
0,14.98,0.3057,15.00,42965419
0,14.98,0.3057,15.00,42975409
0,14.98,0.3057,15.00,42985408
0,14.98,0.3057,15.00,42995407
0,14.98,0.3057,15.00,43005410
0,14.98,0.3058,15.00,43015413
0,14.98,0.3058,15.00,43025419
0,14.98,0.3058,15.00,43035408
0,14.98,0.3058,15.00,43045425
0,14.98,0.3058,15.00,43055413
0,14.98,0.3058,15.00,43065399
0,15.00,0.3053,15.00,43075411
0,15.00,0.3053,15.00,43085408
0,15.00,0.3053,15.00,43095410
0,15.00,0.3053,15.00,43105404
0,15.00,0.3053,15.00,43115408
0,15.00,0.3053,15.00,43125410
0,15.00,0.3053,15.00,43135410
0,15.02,0.3047,15.00,43145410
0,15.04,0.3042,15.00,43155410
0,15.04,0.3041,15.00,43165407
0,15.04,0.3041,15.00,43175409
0,15.02,0.3046,15.00,43185424
0,15.02,0.3046,15.00,43195405
0,15.02,0.3046,15.00,43205408
0,15.02,0.3045,15.00,43215418
0,15.02,0.3045,15.00,43225404
0,15.02,0.3045,15.00,43235402
0,15.02,0.3045,15.00,43245403
0,15.00,0.3050,15.00,43255418
0,15.00,0.3050,15.00,43265415
0,15.00,0.3050,15.00,43275405
0,14.98,0.3056,15.00,43285409
0,14.98,0.3056,15.00,43295408
0,14.98,0.3056,15.00,43305409
0,14.98,0.3056,15.00,43315410
0,14.98,0.3056,15.00,43325406
0,15.00,0.3051,15.00,43335411
0,15.00,0.3051,15.00,43345424
0,15.00,0.3051,15.00,43355407
0,15.00,0.3051,15.00,43365415
0,14.98,0.3056,15.00,43375404
0,14.98,0.3057,15.00,43385405
0,14.98,0.3057,15.00,43395411
0,15.00,0.3051,15.00,43405407
0,14.98,0.3057,15.00,43415413
0,14.98,0.3057,15.00,43425407
0,14.98,0.3057,15.00,43435406
0,14.98,0.3057,15.00,43445415
0,14.98,0.3058,15.00,43455415
0,14.98,0.3058,15.00,43465402
0,14.98,0.3058,15.00,43475423
0,15.00,0.3053,15.00,43485425
0,15.00,0.3053,15.00,43495418
0,15.00,0.3053,15.00,43505420
0,15.00,0.3053,15.00,43515407
0,15.00,0.3053,15.00,43525413
0,15.00,0.3053,15.00,43535412
0,15.00,0.3053,15.00,43545417
0,15.00,0.3053,15.00,43555410
0,15.00,0.3052,15.00,43565420
0,15.02,0.3047,15.00,43575418
0,15.02,0.3047,15.00,43585417
0,15.02,0.3047,15.00,43595420
0,15.02,0.3046,15.00,43605405
0,15.02,0.3046,15.00,43615408
0,15.02,0.3046,15.00,43625422
0,15.02,0.3046,15.00,43635424
0,15.02,0.3046,15.00,43645422
0,15.00,0.3051,15.00,43655429
0,14.98,0.3056,15.00,43665419
0,14.98,0.3057,15.00,43675418
0,14.98,0.3057,15.00,43685433
0,14.98,0.3057,15.00,43695417
0,14.98,0.3057,15.00,43705419
0,14.98,0.3057,15.00,43715430
0,14.98,0.3057,15.00,43725427
0,15.00,0.3052,15.00,43735431
0,15.02,0.3047,15.00,43745427
0,15.00,0.3052,15.00,43755419
0,15.00,0.3052,15.00,43765429
0,15.00,0.3052,15.00,43775420
0,15.00,0.3052,15.00,43785432
0,15.00,0.3052,15.00,43795430
0,15.00,0.3052,15.00,43805422
0,14.98,0.3057,15.00,43815417
0,14.98,0.3057,15.00,43825418
0,14.98,0.3058,15.00,43835414
0,14.98,0.3058,15.00,43845432
0,14.98,0.3058,15.00,43855415
0,15.00,0.3053,15.00,43865426
0,15.00,0.3053,15.00,43875431
0,15.00,0.3053,15.00,43885426
0,15.00,0.3053,15.00,43895431
0,15.00,0.3053,15.00,43905420
0,15.00,0.3053,15.00,43915416
0,15.02,0.3047,15.00,43925443
0,15.04,0.3041,15.00,43935416
0,15.04,0.3041,15.00,43945413
0,15.04,0.3041,15.00,43955423
0,15.04,0.3040,15.00,43965419
0,15.02,0.3045,15.00,43975419
0,15.02,0.3045,15.00,43985433
0,15.02,0.3045,15.00,43995435
0,15.02,0.3045,15.00,44005419
0,15.00,0.3050,15.00,44015417
0,15.00,0.3050,15.00,44025432
0,15.00,0.3050,15.00,44035419
0,14.98,0.3055,15.00,44045435
0,14.98,0.3056,15.00,44055421
0,14.98,0.3056,15.00,44065405
0,14.98,0.3056,15.00,44075411
0,14.98,0.3056,15.00,44085406
0,14.98,0.3056,15.00,44095402
0,14.98,0.3056,15.00,44105412
0,15.00,0.3051,15.00,44115408
0,15.00,0.3051,15.00,44125405
0,15.00,0.3051,15.00,44135418
0,15.00,0.3051,15.00,44145422
0,15.00,0.3051,15.00,44155402
0,15.00,0.3051,15.00,44165407
0,15.00,0.3051,15.00,44175414
0,15.00,0.3051,15.00,44185408
0,15.02,0.3045,15.00,44195410
0,15.02,0.3045,15.00,44205414
0,15.00,0.3051,15.00,44215406
0,15.04,0.3040,15.00,44225414
0,15.04,0.3039,15.00,44235416
0,15.04,0.3039,15.00,44245409
0,15.00,0.3049,15.00,44255409
0,15.00,0.3049,15.00,44265410
0,15.00,0.3049,15.00,44275412
0,15.00,0.3049,15.00,44285409
0,15.00,0.3049,15.00,44295411
0,14.98,0.3055,15.00,44305413
0,15.00,0.3050,15.00,44315405
0,15.00,0.3050,15.00,44325425
0,14.98,0.3055,15.00,44335412
0,14.98,0.3055,15.00,44345410
0,14.98,0.3055,15.00,44355410
0,14.98,0.3056,15.00,44365411
0,14.98,0.3056,15.00,44375404
0,14.98,0.3056,15.00,44385411
0,14.98,0.3056,15.00,44395408
0,14.98,0.3056,15.00,44405413
0,15.00,0.3051,15.00,44415394
0,15.00,0.3051,15.00,44425407
0,15.02,0.3045,15.00,44435411
0,15.02,0.3045,15.00,44445404
0,15.02,0.3045,15.00,44455401
0,15.00,0.3050,15.00,44465408
0,15.00,0.3050,15.00,44475423
0,15.02,0.3045,15.00,44485410
0,15.00,0.3050,15.00,44495413
0,15.00,0.3050,15.00,44505409
0,15.00,0.3050,15.00,44515406
0,15.00,0.3050,15.00,44525415
0,14.98,0.3055,15.00,44535412
0,14.98,0.3056,15.00,44545397
0,15.00,0.3050,15.00,44555403
0,15.00,0.3050,15.00,44565406
0,15.00,0.3050,15.00,44575404
0,15.00,0.3050,15.00,44585392
0,15.00,0.3050,15.00,44595409
0,15.00,0.3050,15.00,44605410
0,15.00,0.3050,15.00,44615413
0,15.00,0.3050,15.00,44625407
0,15.00,0.3050,15.00,44635409
0,15.00,0.3050,15.00,44645406
0,15.00,0.3050,15.00,44655411
0,14.98,0.3056,15.00,44665400
0,14.98,0.3056,15.00,44675412
0,14.98,0.3056,15.00,44685414
0,14.98,0.3056,15.00,44695406
0,15.00,0.3051,15.00,44705410
0,15.00,0.3051,15.00,44715396
0,15.00,0.3051,15.00,44725406
0,14.98,0.3056,15.00,44735412
0,14.98,0.3056,15.00,44745418
0,14.98,0.3057,15.00,44755394
0,15.00,0.3051,15.00,44765405
0,15.00,0.3051,15.00,44775401
0,15.00,0.3051,15.00,44785418
0,15.00,0.3051,15.00,44795408
0,15.00,0.3051,15.00,44805412
0,14.98,0.3057,15.00,44815416
0,14.96,0.3062,15.00,44825415
0,14.96,0.3063,15.00,44835407
0,14.96,0.3063,15.00,44845411
0,14.96,0.3063,15.00,44855393
0,14.96,0.3064,15.00,44865408
0,14.96,0.3064,15.00,44875409
0,14.96,0.3065,15.00,44885407
0,14.96,0.3065,15.00,44895397
0,15.00,0.3054,15.00,44905412
0,14.98,0.3060,15.00,44915408
0,15.00,0.3054,15.00,44925413
0,15.00,0.3054,15.00,44935401
0,15.00,0.3054,15.00,44945403
0,15.00,0.3054,15.00,44955404
0,15.00,0.3054,15.00,44965407
0,15.00,0.3054,15.00,44975410
0,15.00,0.3054,15.00,44985412
0,15.00,0.3054,15.00,44995393
0,15.00,0.3054,15.00,45005412
0,15.00,0.3054,15.00,45015408
0,15.00,0.3054,15.00,45025406
0,15.00,0.3054,15.00,45035409
0,15.00,0.3054,15.00,45045411
0,15.00,0.3054,15.00,45055407
0,15.00,0.3054,15.00,45065410
0,15.00,0.3054,15.00,45075411
0,15.00,0.3054,15.00,45085410
0,15.00,0.3054,15.00,45095417
0,15.00,0.3054,15.00,45105412
0,15.00,0.3054,15.00,45115410
0,15.00,0.3054,15.00,45125403
0,15.00,0.3054,15.00,45135419
0,15.00,0.3054,15.00,45145411
0,15.00,0.3054,15.00,45155405
0,15.00,0.3054,15.00,45165401
0,15.00,0.3054,15.00,45175410
0,15.00,0.3054,15.00,45185413
0,15.00,0.3054,15.00,45195412
0,15.00,0.3054,15.00,45205417
0,15.00,0.3054,15.00,45215417
0,15.00,0.3054,15.00,45225418
0,15.00,0.3054,15.00,45235418
0,15.00,0.3054,15.00,45245417
0,15.00,0.3054,15.00,45255414
0,15.00,0.3054,15.00,45265427
0,15.00,0.3054,15.00,45275419
0,15.00,0.3054,15.00,45285418
0,15.00,0.3054,15.00,45295418
0,15.00,0.3054,15.00,45305418
0,15.00,0.3054,15.00,45315416
0,15.00,0.3054,15.00,45325418
0,15.00,0.3054,15.00,45335416
0,15.00,0.3054,15.00,45345420
0,15.00,0.3054,15.00,45355424
0,15.00,0.3054,15.00,45365419
0,15.00,0.3054,15.00,45375422
0,15.00,0.3054,15.00,45385426
0,15.00,0.3054,15.00,45395436
0,15.00,0.3054,15.00,45405423
0,15.00,0.3054,15.00,45415418
0,15.00,0.3054,15.00,45425420
0,15.00,0.3054,15.00,45435425
0,15.02,0.3048,15.00,45445429
0,15.00,0.3053,15.00,45455428
0,15.00,0.3053,15.00,45465418
0,15.00,0.3053,15.00,45475412
0,15.00,0.3053,15.00,45485421
0,15.00,0.3053,15.00,45495434
0,15.00,0.3053,15.00,45505421
0,15.00,0.3053,15.00,45515422
0,15.02,0.3048,15.00,45525427
0,15.00,0.3053,15.00,45535424
0,15.02,0.3048,15.00,45545424
0,15.00,0.3053,15.00,45555423
0,15.00,0.3053,15.00,45565416
0,15.02,0.3047,15.00,45575417
0,15.02,0.3047,15.00,45585421
0,15.02,0.3047,15.00,45595419
0,15.02,0.3047,15.00,45605423
0,15.00,0.3052,15.00,45615416
0,15.00,0.3052,15.00,45625429
0,15.00,0.3052,15.00,45635433
0,14.98,0.3058,15.00,45645424
0,14.98,0.3058,15.00,45655423
0,14.98,0.3058,15.00,45665422
0,15.00,0.3052,15.00,45675431
0,15.00,0.3052,15.00,45685422
0,15.00,0.3052,15.00,45695426
0,15.00,0.3052,15.00,45705418
0,15.02,0.3047,15.00,45715419
0,15.02,0.3047,15.00,45725433
0,15.02,0.3047,15.00,45735417
0,15.02,0.3046,15.00,45745414
0,15.02,0.3046,15.00,45755401
0,15.02,0.3046,15.00,45765400
0,15.02,0.3046,15.00,45775415
0,15.00,0.3051,15.00,45785401
0,15.00,0.3051,15.00,45795416
0,15.00,0.3051,15.00,45805401
0,15.00,0.3051,15.00,45815398
0,15.00,0.3051,15.00,45825419
0,15.00,0.3051,15.00,45835399
0,15.00,0.3051,15.00,45845418
0,15.00,0.3051,15.00,45855408
0,15.00,0.3051,15.00,45865414
0,15.02,0.3045,15.00,45875407
0,15.02,0.3045,15.00,45885405
0,15.02,0.3045,15.00,45895409
0,15.02,0.3045,15.00,45905409
0,15.02,0.3045,15.00,45915413
0,15.02,0.3044,15.00,45925408
0,15.00,0.3050,15.00,45935412
0,15.00,0.3050,15.00,45945413
0,15.00,0.3050,15.00,45955417
0,15.00,0.3050,15.00,45965411
0,15.00,0.3050,15.00,45975417
0,14.98,0.3055,15.00,45985409
0,14.98,0.3055,15.00,45995415
0,14.98,0.3055,15.00,46005406
0,14.98,0.3056,15.00,46015409
0,15.00,0.3050,15.00,46025410
0,15.00,0.3050,15.00,46035409
0,15.00,0.3050,15.00,46045406
0,15.00,0.3050,15.00,46055412
0,15.00,0.3050,15.00,46065406
0,15.00,0.3050,15.00,46075409
0,15.00,0.3050,15.00,46085406
0,15.00,0.3050,15.00,46095404
0,15.00,0.3050,15.00,46105412
0,15.00,0.3050,15.00,46115405
0,15.00,0.3050,15.00,46125408
0,14.98,0.3056,15.00,46135412
0,14.98,0.3056,15.00,46145394
0,15.00,0.3050,15.00,46155399
0,15.00,0.3050,15.00,46165395
0,14.98,0.3056,15.00,46175415
0,15.00,0.3051,15.00,46185411
0,15.00,0.3051,15.00,46195406
0,15.00,0.3051,15.00,46205399
0,15.00,0.3051,15.00,46215409
0,15.00,0.3051,15.00,46225404
0,15.00,0.3051,15.00,46235401
0,15.00,0.3051,15.00,46245410
0,15.00,0.3051,15.00,46255395
0,15.00,0.3051,15.00,46265403
0,15.00,0.3050,15.00,46275410
0,15.00,0.3050,15.00,46285412
